id,Chromosome,Start,End,symbol,entrezID,mean.mean.HSC,mean.mean.MPP,Difference,mean.mean.diff,mean.mean.quot.log2,comb.p.val,comb.p.adj.fdr,combinedRank,num.sites,mean.num.na.HSC,mean.num.na.MPP,mean.mean.covg.HSC,mean.mean.covg.MPP,mean.nsamples.covg.thres5.HSC,mean.nsamples.covg.thres5.MPP
ENSG00000271133,chr7,20370871,20372870,NA,101927811,1,0,1,1,6.658211483,5.63E-21,9.83E-19,130,1,2,1,0.333333333,0.666666667,0,0
ENSG00000124664,chr6,34523611,34525610,SPDEF,25803,1,0,1,1,6.658211483,5.63E-21,9.83E-19,130,1,2,1,0.333333333,0.666666667,0,0
ENSG00000242151,chr3,154373583,154375582,NA,NA,1,0,1,1,6.658211483,5.63E-21,9.83E-19,130,1,2,1,0.333333333,1,0,0
ENSG00000203527,chr22,43670461,43672460,NA,101927447,1,0,1,1,6.658211483,8.22E-18,5.75E-16,261,1,1,2,1,0.666666667,0,0
ENSG00000235725,chr2,65866812,65868811,NA,NA,1,0,1,1,6.658211483,1.54E-33,2.10E-30,12,1,2,0,0.333333333,1.666666667,0,0
ENSG00000228577,chr2,207474037,207476036,NA,NA,1,0,1,1,6.658211483,5.63E-21,9.83E-19,130,1,2,1,0.333333333,1,0,0
ENSG00000091428,chr2,173598502,173600501,RAPGEF4,11069,1,0,1,1,6.658211483,8.22E-18,5.75E-16,261,1,1,2,0.666666667,0.333333333,0,0
ENSG00000232429,chr19,34080095,34082094,RPL21P131,NA,1,0,1,1,6.658211483,5.63E-21,9.83E-19,130,2,2,2,0.333333333,0.333333333,0,0
ENSG00000208002,chr19,52783550,52785549,MIR643,693228,1,0,1,1,6.658211483,5.63E-21,9.83E-19,130,1,2,1,0.333333333,1.333333333,0,0
ENSG00000262296,chr17,9550478,9552477,NA,NA,1,0,1,1,6.658211483,6.44E-33,2.10E-30,23,1,0,2,1,0.333333333,0,0
ENSG00000181481,chr17,29294303,29296302,RNF135,84282,1,0,1,1,6.658211483,1.54E-33,2.10E-30,12,1,2,0,0.333333333,2.333333333,0,0
ENSG00000185105,chr17,79904610,79906609,MYADML2,255275,1,0,1,1,6.658211483,1.54E-33,2.10E-30,12,1,2,0,0.333333333,1.333333333,0,0
ENSG00000169682,chr16,28984042,28986041,SPNS1,83985,1,0,1,1,6.658211483,2.08E-49,2.81E-45,1,2,2,0.5,0.333333333,1.666666667,0,0.5
ENSG00000270097,chr16,3048403,3050402,NA,NA,1,0,1,1,6.658211483,5.63E-21,9.83E-19,130,1,2,1,0.333333333,1,0,0
ENSG00000239194,chr16,67424254,67426253,RNU1-123P,NA,1,0,1,1,6.658211483,5.63E-21,9.83E-19,130,1,2,1,0.333333333,1,0,0
ENSG00000261527,chr16,69477694,69479693,NA,NA,1,0,1,1,6.658211483,8.22E-18,5.75E-16,261,1,1,2,0.666666667,0.333333333,0,0
ENSG00000242480,chr15,32892830,32894829,RN7SL286P,NA,1,0,1,1,6.658211483,8.22E-18,5.75E-16,261,1,1,2,1,0.333333333,0,0
ENSG00000166887,chr15,42500015,42502014,VPS39,23339,1,0,1,1,6.658211483,8.22E-18,5.75E-16,261,1,1,2,0.666666667,0.333333333,0,0
ENSG00000261002,chr15,42499111,42501110,NA,NA,1,0,1,1,6.658211483,8.22E-18,5.75E-16,261,1,1,2,0.666666667,0.333333333,0,0
ENSG00000212377,chr13,73027606,73029605,NA,NA,1,0,1,1,6.658211483,8.22E-18,5.75E-16,261,1,1,2,0.666666667,0.333333333,0,0
ENSG00000134874,chr13,96296458,96298457,DZIP1,22873,1,0,1,1,6.658211483,8.22E-18,5.75E-16,261,1,1,2,0.666666667,0.333333333,0,0
ENSG00000243663,chr12,1866678,1868677,RPS4XP14,NA,1,0,1,1,6.658211483,8.22E-18,5.75E-16,261,1,1,2,1,0.333333333,0,0
ENSG00000168040,chr11,70047769,70049768,FADD,8772,1,0,1,1,6.658211483,5.63E-21,9.83E-19,130,1,2,1,0.333333333,0.666666667,0,0
ENSG00000254422,chr11,102101154,102103153,NA,NA,1,0,1,1,6.658211483,5.63E-21,9.83E-19,130,1,2,1,0.333333333,0.666666667,0,0
ENSG00000256035,chr11,102678148,102680147,NA,NA,1,0,1,1,6.658211483,8.22E-18,5.75E-16,261,1,1,2,0.666666667,0.333333333,0,0
ENSG00000260205,chr10,22505503,22507502,NA,NA,1,0,1,1,6.658211483,1.54E-33,2.10E-30,12,1,2,0,0.333333333,1.333333333,0,0
ENSG00000148484,chr10,16859028,16861027,RSU1,6251,1,0,1,1,6.658211483,8.22E-18,5.75E-16,261,1,1,2,0.666666667,0.333333333,0,0
ENSG00000264483,chr1,228128885,228130884,MIR5008,100847072,1,0,1,1,6.658211483,4.79E-33,2.10E-30,21,1,1,1,0.666666667,1,0,0
ENSG00000224536,chr1,201474869,201476868,NA,NA,1,0,1,1,6.658211483,5.63E-21,9.83E-19,130,1,2,1,0.333333333,1,0,0
ENSG00000143195,chr1,166944220,166946219,ILDR2,387597,1,0,1,1,6.658211483,1.06E-19,1.68E-17,171,2,2,1,0.333333333,0.833333333,0,0
ENSG00000227205,chr1,120394439,120396438,PFN1P9,NA,1,0,1,1,6.658211483,8.22E-18,5.75E-16,261,1,1,2,1,0.666666667,0,0
ENSG00000158246,chr1,27338828,27340827,FAM46B,115572,1,0.166666667,0.833333333,1,6.658211483,8.22E-18,5.75E-16,261,2,2,1,0.5,1,0,0
ENSG00000172932,chr11,67054518,67056517,ANKRD13D,338692,1,0.180555556,0.819444444,0.759259259,3.254924992,5.50E-14,3.12E-12,1064,4,2,0.25,0.5,1.416666667,0,0
ENSG00000224302,chr10,103844988,103846987,NA,NA,1,0.208333333,0.791666667,0.791666667,3.950692733,7.65E-13,3.85E-11,791,2,2,1,0.5,1.666666667,0,0
ENSG00000270935,chr6,27234392,27236391,NA,NA,0.75,0,0.75,0.75,6.165318412,2.94E-30,6.69E-28,481,2,2,0.5,0.5,1.5,0,0
ENSG00000228638,chr3,48332366,48334365,FCF1P2,101060195,1,0.25,0.75,0.75,3.821998812,4.67E-12,2.28E-10,796,2,2,1,0.333333333,0.833333333,0,0
ENSG00000207457,chr22,42074215,42076214,RNU6-476P,NA,1,0.25,0.75,0.5,0.985786141,1.72E-17,1.05E-15,2440,2,2,1.5,0.333333333,1.333333333,0,0.5
ENSG00000249139,chr20,44175566,44177565,EPPIN-WFDC6,100526773,1,0.25,0.75,1,6.658211483,5.63E-21,9.83E-19,130,2,2.5,1.5,0.166666667,0.666666667,0,0
ENSG00000101448,chr20,44175892,44177891,EPPIN,57119;100526773,1,0.25,0.75,1,6.658211483,5.63E-21,9.83E-19,130,2,2.5,1.5,0.166666667,0.666666667,0,0
ENSG00000262001,chr18,3601498,3603497,DLGAP1-AS2,NA,1,0.25,0.75,0.5,0.985786141,2.69E-32,7.00E-30,2440,2,1.5,1.5,0.5,0.666666667,0,0
ENSG00000258895,chr15,94575387,94577386,NA,NA,1,0.25,0.75,0.75,3.821998812,1.29E-12,6.42E-11,796,2,2,1.5,0.333333333,0.833333333,0,0
ENSG00000125514,chr20,61667881,61669880,LINC00029,NA,1,0.274074074,0.725925926,1,6.658211483,5.63E-21,9.83E-19,130,3,2.666666667,0.666666667,0.111111111,2.111111111,0,0.333333333
ENSG00000237119,chr20,61667863,61669862,LINC01056,100144597,1,0.274074074,0.725925926,1,6.658211483,5.63E-21,9.83E-19,130,3,2.666666667,0.666666667,0.111111111,2.111111111,0,0.333333333
ENSG00000263781,chr17,27348159,27350158,NA,NA,1,0.277777778,0.722222222,0.583333333,1.271229799,1.59E-22,3.33E-20,2192,3,2.333333333,0.666666667,0.444444444,1.333333333,0,0
ENSG00000241464,chr19,18395806,18397805,RPL39P38,NA,1,0.333333333,0.666666667,1,6.658211483,5.63E-21,9.83E-19,130,3,2.666666667,1,0.111111111,0.888888889,0,0
ENSG00000123297,chr12,58174872,58176871,TSFM,10102,0.75,0.125,0.625,0.625,3.815098553,4.68E-12,2.28E-10,802,2,2,1,0.666666667,1,0,0
ENSG00000266163,chr16,12009096,12011095,NA,NA,1,0.388888889,0.611111111,0.611111111,3.057821671,6.88E-09,2.40E-07,1121,3,1.666666667,1,0.444444444,1.111111111,0,0
ENSG00000184985,chr4,7192765,7194764,SORCS2,57537,0.777777778,0.177083333,0.600694444,0.541666667,2.786781111,1.22E-08,4.18E-07,1238,4,1.75,1,0.75,1.416666667,0,0
ENSG00000256481,chr11,63847662,63849661,NA,NA,1,0.4,0.6,0.6,1.300659478,1.66E-17,1.05E-15,2156,1,1,2,0.666666667,1.666666667,0,1
ENSG00000174370,chr11,128775431,128777430,C11orf45,219833,1,0.4,0.6,0.2,0.31836148,1.97E-17,1.14E-15,5361,2,2,1.5,0.333333333,1.166666667,0,0.5
ENSG00000251078,chr5,75048805,75050804,SLC25A5P9,NA,1,0.416666667,0.583333333,0.583333333,3.459195946,2.81E-10,1.17E-08,844,2,1.5,1.5,1,1,0,0
ENSG00000272645,chr1,224140642,224142641,NA,NA,1,0.416666667,0.583333333,1,6.658211483,1.54E-33,2.10E-30,12,2,2.5,0,0.166666667,1.666666667,0,0
ENSG00000239998,chr19,55082887,55084886,LILRA2,11027,0.75,0.183333333,0.566666667,0.625,3.815098553,4.83E-12,2.34E-10,802,3,2,1,0.444444444,1.444444444,0,0.333333333
ENSG00000178184,chr18,78004930,78006929,PARD6G,84552,1,0.444444444,0.555555556,0.333333333,0.622983275,4.27E-10,1.60E-08,3578,3,2,1.333333333,0.444444444,1.111111111,0,0
ENSG00000164087,chr3,52188207,52190206,POC1A,25886,1,0.45,0.55,0.55,1.143222809,5.04E-12,2.44E-10,2294,2,2,1,0.5,1.666666667,0,0.5
ENSG00000111665,chr12,6960731,6962730,CDCA3,83461,1,0.45,0.55,0.6875,3.678123269,5.00E-13,2.57E-11,816,5,2.2,1.2,0.266666667,0.933333333,0,0
ENSG00000159239,chr2,74648219,74650218,C2orf81,388963,1,0.466666667,0.533333333,0.533333333,3.378363612,2.82E-10,1.17E-08,857,3,1.666666667,1.666666667,0.444444444,1,0,0.333333333
ENSG00000245059,chr16,81109424,81111423,NA,NA,1,0.46875,0.53125,0.53125,3.375184464,2.17E-10,9.55E-09,858,2,1,1.5,0.666666667,1.666666667,0,0.5
ENSG00000181514,chr6,73308863,73310862,NA,NA,0.5,0,0.5,0.5,5.672425342,6.44E-33,2.10E-30,759,1,2,0,0.666666667,2,0,0
ENSG00000188112,chr6,42109858,42111857,C6orf132,647024,1,0.5,0.5,0.5,3.329105741,3.27E-12,1.62E-10,859,2,1,1,0.833333333,1.166666667,0,0
ENSG00000260422,chr6,164506194,164508193,NA,NA,1,0.5,0.5,0.5,3.329105741,5.93E-12,2.84E-10,859,2,2,1.5,0.666666667,0.833333333,0,0
ENSG00000249486,chr5,8157402,8159401,NA,NA,1,0.5,0.5,1,6.658211483,8.22E-18,5.75E-16,261,2,2,2,0.333333333,0.333333333,0,0
ENSG00000270560,chr5,156349630,156351629,APOOP1,NA,1,0.5,0.5,0.5,0.985786141,1.72E-17,1.05E-15,2440,1,1,2,0.666666667,0.666666667,0,0
ENSG00000188517,chr4,110223314,110225313,COL25A1,84570,1,0.5,0.5,1,6.658211483,8.22E-18,5.75E-16,261,3,2,2.333333333,0.555555556,0.444444444,0,0
ENSG00000246774,chr4,110222691,110224690,NA,NA,1,0.5,0.5,1,6.658211483,8.22E-18,5.75E-16,261,3,2,2.333333333,0.555555556,0.444444444,0,0
ENSG00000138796,chr4,108909370,108911369,HADH,3033,1,0.5,0.5,0.5,3.329105741,4.23E-12,2.07E-10,859,2,2,1,0.5,1.333333333,0,0
ENSG00000173950,chr3,194991397,194993396,XXYLT1,152002,1,0.5,0.5,0.5,3.329105741,1.13E-18,1.32E-16,859,2,1,2,0.666666667,0.5,0,0
ENSG00000235888,chr21,40377580,40379579,NA,NA,1,0.5,0.5,1,6.658211483,8.22E-18,5.75E-16,261,2,2,1.5,0.333333333,0.5,0,0
ENSG00000186458,chr20,236877,238876,DEFB132,400830,1,0.5,0.5,0.5,0.985786141,2.69E-32,7.00E-30,2440,1,0,2,1,0.666666667,0,0
ENSG00000115523,chr2,85910798,85912797,GNLY,10578,1,0.5,0.5,0.5,0.985786141,2.34E-33,2.10E-30,2440,1,1,1,2,1.333333333,0,0
ENSG00000230353,chr2,106905010,106907009,NA,NA,1,0.5,0.5,0.5,0.985786141,1.72E-17,1.05E-15,2440,1,1,2,0.666666667,0.666666667,0,0
ENSG00000213962,chr2,178862998,178864997,API5P2,NA,1,0.5,0.5,0.5,0.985786141,1.72E-17,1.05E-15,2440,1,1,2,0.666666667,0.666666667,0,0
ENSG00000176695,chr19,105971,107970,OR4F17,81099,1,0.5,0.5,1,6.658211483,5.63E-21,9.83E-19,130,2,2.5,1.5,0.166666667,0.5,0,0
ENSG00000167637,chr19,44329944,44331943,ZNF283,284349,1,0.5,0.5,1,6.658211483,8.22E-18,5.75E-16,261,2,2,1.5,0.333333333,0.666666667,0,0
ENSG00000076944,chr19,7700267,7702266,STXBP2,6813,1,0.5,0.5,0.5,3.329105741,4.23E-12,2.07E-10,859,2,2,1,0.333333333,0.666666667,0,0
ENSG00000105552,chr19,49313787,49315786,BCAT2,587,1,0.5,0.5,0.5,3.329105741,4.86E-12,2.36E-10,859,2,2,0.5,0.5,1.166666667,0,0
ENSG00000267144,chr19,44528915,44530914,NA,NA,1,0.5,0.5,0.5,3.329105741,2.92E-10,1.19E-08,859,2,1.5,1,0.5,1,0,0
ENSG00000159885,chr19,44527994,44529993,ZNF222,7673,1,0.5,0.5,0.5,3.329105741,2.92E-10,1.19E-08,859,2,1.5,1,0.5,1,0,0
ENSG00000267022,chr19,44528006,44530005,NA,7766,1,0.5,0.5,0.5,3.329105741,2.92E-10,1.19E-08,859,2,1.5,1,0.5,1,0,0
ENSG00000166401,chr18,61635659,61637658,SERPINB8,5271,1,0.5,0.5,0.5,3.329105741,2.92E-10,1.19E-08,859,2,1.5,1,0.833333333,1.333333333,0,0
ENSG00000170222,chr17,10599411,10601410,ADPRM,56985,0.5,0,0.5,0.5,5.672425342,1.18E-20,1.94E-18,759,1,2,1,0.666666667,0.666666667,0,0
ENSG00000136463,chr17,61676731,61678730,TACO1,51204,0.5,0,0.5,0.5,5.672425342,1.18E-20,1.94E-18,759,1,2,1,0.666666667,1,0,0
ENSG00000175061,chr17,16340636,16342635,FAM211A-AS1,26800;125144;692087;692106,1,0.5,0.5,0.5,3.329105741,6.22E-19,8.95E-17,859,2,0.5,1,1.333333333,2.333333333,0,0.5
ENSG00000029725,chr17,5184058,5186057,RABEP1,9135,1,0.5,0.5,0.5,0.985786141,1.72E-17,1.05E-15,2440,1,1,2,0.666666667,0.666666667,0,0
ENSG00000182676,chr17,79792427,79794426,PPP1R27,116729,1,0.5,0.5,0.25,1.664552871,7.49E-06,0.000194358,2646,6,2.166666667,1.5,0.277777778,1.5,0,0.166666667
ENSG00000260338,chr16,5665698,5667697,NA,101926950,1,0.5,0.5,1,6.658211483,5.63E-21,9.83E-19,130,2,2.5,1.5,0.166666667,0.5,0,0
ENSG00000265281,chr16,56277932,56279931,MIR3935,100500891,1,0.5,0.5,0.5,3.329105741,3.59E-19,5.49E-17,859,2,2,0.5,0.333333333,1,0,0
ENSG00000137801,chr15,39871780,39873779,THBS1,7057,1,0.5,0.5,0.5,0.985786141,2.34E-33,2.10E-30,2440,1,1,1,0.666666667,1.333333333,0,0
ENSG00000104043,chr15,50474515,50476514,ATP8B4,79895,1,0.5,0.5,1,6.658211483,6.44E-33,2.10E-30,23,2,1.5,1.5,0.5,0.833333333,0,0
ENSG00000169783,chr15,78112743,78114742,LINGO1,84894,1,0.5,0.5,0.5,0.985786141,2.34E-33,2.10E-30,2440,1,1,1,0.666666667,1.333333333,0,0
ENSG00000221376,chr15,69617260,69619259,NA,NA,1,0.5,0.5,0.5,0.985786141,1.18E-20,1.94E-18,2440,1,2,1,0.666666667,2,0,0
ENSG00000221405,chr15,32893988,32895987,NA,NA,1,0.5,0.5,1,6.658211483,8.22E-18,5.75E-16,261,2,2,1.5,0.5,0.666666667,0,0
ENSG00000264600,chr15,64692172,64694171,RN7SL595P,NA,1,0.5,0.5,0.5,0.985786141,1.72E-17,1.05E-15,2440,1,1,2,0.666666667,0.666666667,0,0
ENSG00000259617,chr15,41289972,41291971,NA,NA,1,0.5,0.5,0.5,3.329105741,1.97E-10,8.74E-09,859,2,0.5,1.5,1,0.5,0,0
ENSG00000157823,chr15,90437075,90439074,AP3S2,10239;100526783,1,0.5,0.5,0.5,3.329105741,2.54E-10,1.08E-08,859,2,1.5,1.5,0.5,0.5,0,0
ENSG00000100918,chr14,24639562,24641561,REC8,9985,1,0.5,0.5,0.5,3.329105741,6.22E-19,8.95E-17,859,2,0,1.5,1.666666667,1.166666667,0,0
ENSG00000089220,chr12,118572163,118574162,PEBP1,5037,1,0.5,0.5,1,6.658211483,5.63E-21,9.83E-19,130,3,2.333333333,1.666666667,0.222222222,0.444444444,0,0
ENSG00000257053,chr12,121585313,121587312,NA,NA,1,0.5,0.5,0.5,0.985786141,1.72E-17,1.05E-15,2440,1,1,2,0.666666667,0.666666667,0,0
ENSG00000052850,chr11,44331217,44333216,ALX4,60529,1,0.5,0.5,1,6.658211483,2.08E-49,2.81E-45,1,2,2,0,0.333333333,2,0,0
ENSG00000254496,chr11,49426242,49428241,CBX3P8,NA,1,0.5,0.5,0.5,0.985786141,7.80E-48,3.01E-44,2440,1,0,1,1,1.333333333,0,0
ENSG00000110200,chr11,71823327,71825326,ANAPC15,25906,1,0.5,0.5,0.5,3.329105741,2.54E-10,1.08E-08,859,3,1.333333333,2.333333333,0.666666667,0.222222222,0,0
ENSG00000216109,chr1,155206129,155208128,NA,NA,0.5,0,0.5,0.5,5.672425342,6.44E-33,2.10E-30,759,2,2,1.5,0.666666667,1,0,0
ENSG00000159214,chr1,44455531,44457530,CCDC24,149473,1,0.5,0.5,1,6.658211483,5.63E-21,9.83E-19,130,2,2.5,1,0.333333333,0.666666667,0,0
ENSG00000160818,chr1,156570789,156572788,GPATCH4,54865,0.5,0,0.5,0.5,3.329105741,5.93E-12,2.84E-10,859,2,1,0.5,0.833333333,1.5,0,0
ENSG00000228212,chr5,37207966,37209965,OFD1P17,NA,0.95,0.453703704,0.496296296,0.605555556,2.344509348,6.17E-13,3.12E-11,1364,6,1.5,0.333333333,0.777777778,1.444444444,0,0
ENSG00000179431,chr11,35638235,35640234,FJX1,24147,1,0.520833333,0.479166667,0.583333333,2.684760531,8.14E-20,1.32E-17,1254,4,1.25,1.5,0.916666667,0.833333333,0,0
ENSG00000111364,chr12,124085124,124087123,DDX55,57696,0.916666667,0.444444444,0.472222222,0.472222222,2.497964688,1.45E-07,4.63E-06,1686,3,1.333333333,1.333333333,0.666666667,1.666666667,0,0.333333333
ENSG00000103342,chr16,12009440,12011439,GSPT1,2935,1,0.541666667,0.458333333,0.458333333,2.293366253,5.48E-07,1.52E-05,1691,4,1.75,1,0.416666667,1,0,0
ENSG00000224356,chr13,101231872,101233871,NA,NA,0.833333333,0.375,0.458333333,0.458333333,3.245328693,4.65E-19,7.00E-17,1696,2,1,0.5,0.666666667,1.666666667,0,0
ENSG00000005448,chr2,74647305,74649304,WDR54,84058,0.833333333,0.385185185,0.448148148,0.392592593,2.44027704,2.50E-07,7.47E-06,1839,4,1.25,1.25,0.583333333,1.416666667,0,0.25
ENSG00000243234,chr19,58464628,58466627,NA,NA,1,0.555555556,0.444444444,0.444444444,2.412016516,1.60E-07,5.07E-06,1721,3,1.666666667,2,0.444444444,0.555555556,0,0
ENSG00000268336,chr19,51686661,51688660,SIGLEC20P,NA,0.5,0.055555556,0.444444444,0.416666667,3.600946365,6.86E-19,9.67E-17,1763,3,2.333333333,0.333333333,0.444444444,1.111111111,0,0
ENSG00000107771,chr10,86086842,86088841,CCSER2,54462,0.75,0.326388889,0.423611111,0.423611111,1.316689815,4.57E-19,6.91E-17,2147,2,1.5,0.5,0.666666667,2.666666667,0,0.5
ENSG00000200248,chr6,117380345,117382344,RNA5SP214,NA,1,0.583333333,0.416666667,0.416666667,0.767440553,0.000780948,0.014405744,3337,1,1,1,0.666666667,1.666666667,0,0
ENSG00000221294,chr20,46198179,46200178,NA,NA,1,0.583333333,0.416666667,0.416666667,2.356165151,1.46E-08,4.91E-07,1763,3,2,0.666666667,0.666666667,1,0,0
ENSG00000033327,chr11,78128895,78130894,GAB2,9846,0.916666667,0.5,0.416666667,0.416666667,3.199015537,6.86E-19,9.67E-17,1793,2,0.5,1.5,1.333333333,0.666666667,0,0
ENSG00000224671,chr1,203121529,203123528,NA,NA,1,0.583333333,0.416666667,0.416666667,0.767440553,0.000780948,0.014405744,3337,1,1,1,0.666666667,1.666666667,0,0
ENSG00000073146,chr22,50526808,50528807,MOV10L1,54456,1,0.6,0.4,0.25,1.664552871,1.02E-06,2.80E-05,2646,5,1.8,1.2,0.866666667,1.466666667,0.2,0.4
ENSG00000221020,chr17,40549527,40551526,NA,NA,1,0.6,0.4,0.4,0.727474145,1.78E-17,1.09E-15,3395,1,1,2,0.666666667,1.666666667,0,1
ENSG00000127528,chr19,16434128,16436127,KLF2,10365,0.7,0.3,0.4,0.34,2.529799661,1.20E-12,5.99E-11,1953,6,1.666666667,1,0.611111111,1.611111111,0,0.5
ENSG00000231130,chr6,29862931,29864930,HLA-T,NA,0.277777778,0.677777778,-0.4,-0.4,-2.378511087,2.25E-13,1.23E-11,1819,3,1.333333333,0,1,2.222222222,0,0.333333333
ENSG00000125084,chr12,49370898,49372897,WNT1,7471,0.5,0.9,-0.4,-0.375,-3.082659206,8.91E-11,4.12E-09,1877,5,2,1,0.333333333,0.866666667,0,0
ENSG00000270279,chr20,57327907,57329906,NA,NA,0.5,0.902777778,-0.402777778,-0.5,-3.329105741,8.03E-19,1.04E-16,859,4,2.5,0.25,0.333333333,1.583333333,0,0
ENSG00000260496,chr16,1050427,1052426,NA,NA,0.5,0.908730159,-0.408730159,-0.488095238,-3.311686917,1.59E-10,7.19E-09,1680,6,2,0.5,0.5,1.944444444,0,0.333333333
ENSG00000243789,chr15,42118783,42120782,JMJD7,100137047,0.5,0.908888889,-0.408888889,-0.386111111,-3.152494339,1.08E-10,4.95E-09,1871,5,2,0.6,0.4,2.133333333,0,0.4
ENSG00000243708,chr15,42118783,42120782,PLA2G4B,8681;100137049,0.5,0.908888889,-0.408888889,-0.386111111,-3.152494339,1.08E-10,4.95E-09,1871,5,2,0.6,0.4,2.133333333,0,0.4
ENSG00000168970,chr15,42118793,42120792,JMJD7-PLA2G4B,8681,0.5,0.908888889,-0.408888889,-0.386111111,-3.152494339,1.08E-10,4.95E-09,1871,5,2,0.6,0.4,2.133333333,0,0.4
ENSG00000266978,chr19,10395285,10397284,NA,NA,0.5,0.911111111,-0.411111111,-0.277777778,-2.910798422,6.86E-19,9.67E-17,2585,5,2.6,0.6,0.266666667,1.666666667,0,0
ENSG00000236856,chr2,386912,388911,NA,NA,0.541666667,0.956944444,-0.415277778,-0.284722222,-1.781802668,6.84E-11,3.21E-09,2532,40,2.725,0.925,0.108333333,1.183333333,0,0.025
ENSG00000237950,chr1,44411724,44413723,NA,101929609,0.066666667,0.482142857,-0.41547619,-0.408333333,-3.633662136,5.22E-06,0.000137712,1812,7,2.142857143,1.571428571,0.428571429,1.095238095,0,0
ENSG00000234586,chr9,13022392,13024391,NA,NA,0.5,0.916666667,-0.416666667,-1,-6.658211483,6.44E-33,2.10E-30,23,5,2.6,1.2,0.133333333,1.066666667,0,0
ENSG00000221818,chr8,25902414,25904413,EBF2,64641,0.583333333,1,-0.416666667,-0.416666667,-2.356165151,1.76E-07,5.55E-06,1763,3,1.666666667,0.333333333,0.555555556,1.777777778,0,0
ENSG00000250101,chr5,177365123,177367122,NA,NA,0.583333333,1,-0.416666667,-0.416666667,-2.383701518,1.04E-07,3.34E-06,1763,10,2.2,0.4,0.333333333,1.6,0,0.1
ENSG00000258586,chr14,74296339,74298338,NA,100506498,0.583333333,1,-0.416666667,-0.416666667,-0.767440553,0.000780948,0.014405744,3337,1,1,1,1.666666667,2,0,0
ENSG00000182223,chr4,48490769,48492768,ZAR1,326340,0,0.416666667,-0.416666667,0,0,0.000221927,0.004971493,9373,6,2.5,1.5,0.222222222,0.666666667,0,0
ENSG00000234568,chr4,83194724,83196723,BIN2P1,NA,0,0.416666667,-0.416666667,-0.416666667,-5.415037499,0.000780948,0.014405744,1793,1,1,1,0.666666667,3,0,1
ENSG00000163785,chr3,133969190,133971189,RYK,6259,0.333333333,0.75,-0.416666667,-0.5,-4.110212275,1.02E-07,3.28E-06,841,4,2.25,1.25,0.333333333,1.25,0,0
ENSG00000177125,chr9,129621444,129623443,ZBTB34,403341,0.5,0.928571429,-0.428571429,-0.5,-3.329105741,5.07E-06,0.000134366,1022,7,2.285714286,1.285714286,0.238095238,0.80952381,0,0
ENSG00000216687,chr6,58398913,58400912,NA,NA,0.5,0.944444444,-0.444444444,-0.444444444,-0.901715845,1.65E-18,1.87E-16,3139,2,1.5,0,0.833333333,2.333333333,0,0.5
ENSG00000185485,chr3,195716690,195718689,SDHAP1,255812;727956,0.5,0.944444444,-0.444444444,-0.444444444,-2.461272405,2.54E-13,1.39E-11,1721,3,1.333333333,0.666666667,1,1.333333333,0,0
ENSG00000224458,chr7,63559183,63561182,GUSBP6,NA,0.5,0.95,-0.45,-0.4375,-2.054874949,5.84E-07,1.62E-05,1732,5,1.8,1.6,0.466666667,1.066666667,0,0
ENSG00000006327,chr16,3066946,3068945,TNFRSF12A,51330,0.4375,0.888888889,-0.451388889,-0.395833333,-3.135489675,1.08E-18,1.32E-16,1837,3,2,1,1,1.777777778,0,0
ENSG00000231770,chr3,194303240,194305239,TMEM44-AS1,100507297,0.5,0.958333333,-0.458333333,-0.4375,-3.233802775,1.70E-10,7.62E-09,1732,3,1.666666667,1,0.555555556,1.444444444,0,0
ENSG00000272944,chr2,222435726,222437725,NA,729770,0.5,0.958333333,-0.458333333,-0.444444444,-2.461272405,2.17E-13,1.20E-11,1721,4,2,0,0.5,2.25,0,0.25
ENSG00000135912,chr2,219574068,219576067,TTLL4,9654,0.5,0.958333333,-0.458333333,-0.458333333,-0.923669685,3.49E-10,1.38E-08,3116,2,1.5,0.5,0.833333333,2.333333333,0,0
ENSG00000273238,chr4,567702,569701,NA,NA,0.333333333,0.791666667,-0.458333333,-0.416666667,-3.786217067,2.40E-07,7.23E-06,1763,6,2.166666667,1.333333333,0.277777778,0.944444444,0,0
ENSG00000222014,chr2,130735735,130737734,RAB6C,84084;150786,0.5,0.964285714,-0.464285714,-0.428571429,-3.219098892,6.75E-12,3.22E-10,1748,4,2.25,0.5,0.333333333,1.916666667,0,0.5
ENSG00000227671,chr1,247373659,247375658,MIR3916,100500849,0,0.466666667,-0.466666667,-0.458333333,-4.358043713,1.10E-07,3.53E-06,1696,6,1.833333333,1.333333333,0.388888889,0.611111111,0,0
ENSG00000101187,chr20,61272297,61274296,SLCO4A1,28231,0.5,0.977777778,-0.477777778,-0.5,-3.329105741,6.22E-19,8.95E-17,859,3,1.666666667,0.333333333,0.444444444,2,0,0.666666667
ENSG00000196739,chr9,116916340,116918339,COL27A1,85301,0.5,1,-0.5,-0.5,-3.329105741,8.03E-19,1.04E-16,859,3,2.333333333,1,0.222222222,1.111111111,0,0
ENSG00000148335,chr9,132369663,132371662,NTMT1,28989,0.5,1,-0.5,-0.5,-3.329105741,8.03E-19,1.04E-16,859,3,2.333333333,0.666666667,0.222222222,1.222222222,0,0
ENSG00000182150,chr9,98636483,98638482,ERCC6L2,375748;101928170,0.5,1,-0.5,-1,-6.658211483,8.22E-18,5.75E-16,261,2,2,2,0.333333333,0.333333333,0,0
ENSG00000167081,chr9,128508124,128510123,PBX3,5090,0.5,1,-0.5,-0.5,-0.985786141,1.72E-17,1.05E-15,2745,2,2.5,1,0.333333333,0.666666667,0,0
ENSG00000260949,chr8,37918899,37920898,NA,NA,0.5,1,-0.5,-0.5,-0.985786141,2.69E-32,7.00E-30,2745,1,2,0,0.666666667,1.333333333,0,0
ENSG00000242719,chr8,42734879,42736878,RN7SL806P,NA,0.5,1,-0.5,-0.5,-0.985786141,1.72E-17,1.05E-15,2745,1,2,1,0.666666667,2.333333333,0,1
ENSG00000202514,chr8,42804139,42806138,NA,NA,0.5,1,-0.5,-0.5,-0.985786141,1.72E-17,1.05E-15,2745,2,2.5,1.5,0.333333333,0.666666667,0,0
ENSG00000253266,chr8,142063889,142065888,NA,NA,0.5,1,-0.5,-0.5,-3.329105741,2.54E-10,1.08E-08,859,3,2.333333333,1.333333333,0.222222222,1.222222222,0,0
ENSG00000169499,chr8,38757253,38759252,PLEKHA2,59339,0,0.5,-0.5,0,0,0.000530512,0.010018275,9373,4,2.5,1.5,0.166666667,1,0,0.25
ENSG00000254021,chr8,107280470,107282469,NA,NA,0,0.5,-0.5,0,0,0.000530512,0.010018275,9373,2,2.5,1,0.166666667,1.666666667,0,0
ENSG00000254615,chr8,107280872,107282871,NA,NA,0,0.5,-0.5,0,0,0.000530512,0.010018275,9373,2,2.5,1,0.166666667,1.666666667,0,0
ENSG00000164830,chr8,107280973,107282972,OXR1,55074,0,0.5,-0.5,0,0,0.000530512,0.010018275,9373,2,2.5,1,0.166666667,1.666666667,0,0
ENSG00000214733,chr8,144869590,144871589,NA,NA,0,0.5,-0.5,0,0,0.000530512,0.010018275,9373,2,2.5,1.5,0.166666667,0.833333333,0,0
ENSG00000269781,chr7,6521422,6523421,NA,NA,0.5,1,-0.5,-0.5,-3.329105741,8.03E-19,1.04E-16,859,2,2,0.5,0.333333333,1.833333333,0,0
ENSG00000146676,chr7,44924461,44926460,PURB,5814,0.5,1,-0.5,-0.5,-3.329105741,8.03E-19,1.04E-16,859,2,1.5,1,0.666666667,0.833333333,0,0
ENSG00000236018,chr7,156990706,156992705,NA,NA,0.5,1,-0.5,-0.5,-3.329105741,9.24E-19,1.16E-16,859,3,2.333333333,0.333333333,0.222222222,2.666666667,0,0.333333333
ENSG00000207973,chr7,5535049,5537048,MIR589,693174,0.5,1,-0.5,-0.5,-0.985786141,1.72E-17,1.05E-15,2745,2,2.5,0.5,0.333333333,1.5,0,0
ENSG00000170409,chr7,101969446,101971445,NA,NA,0.5,1,-0.5,-0.5,-0.985786141,1.72E-17,1.05E-15,2745,2,2.5,0.5,0.333333333,2,0,0.5
ENSG00000235738,chr7,55865674,55867673,NA,NA,0.5,1,-0.5,-0.5,-2.547999208,2.00E-13,1.11E-11,1291,3,1.333333333,0.666666667,0.555555556,1.777777778,0,0.666666667
ENSG00000078967,chr7,43964537,43966536,UBE2D4,51619,0.5,1,-0.5,-0.5,-3.329105741,2.54E-10,1.08E-08,859,4,2.5,1.25,0.166666667,1,0,0
ENSG00000169876,chr7,100661853,100663852,MUC17,140453,0.5,1,-0.5,-0.5,-3.329105741,3.56E-10,1.38E-08,859,2,2,1.5,0.333333333,0.5,0,0
ENSG00000232818,chr7,23528592,23530591,RPS2P32,256355,0,0.5,-0.5,0,0,0.000530512,0.010018275,9373,2,2,1,0.333333333,0.833333333,0,0
ENSG00000137331,chr6,30711832,30713831,IER3,8870,0.5,1,-0.5,-0.5,-0.985786141,2.69E-32,7.00E-30,2745,1,2,0,0.666666667,1.333333333,0,0
ENSG00000265654,chr6,170095844,170097843,NA,NA,0.5,1,-0.5,-0.5,-3.329105741,9.24E-19,1.16E-16,859,3,2.333333333,0.333333333,0.222222222,1.777777778,0,0
ENSG00000231441,chr6,56707300,56709299,NA,NA,0.5,1,-0.5,-1,-6.658211483,8.22E-18,5.75E-16,261,2,2,2,0.333333333,0.666666667,0,0
ENSG00000204655,chr6,29623258,29625257,MOG,4340,0.5,1,-0.5,-0.5,-0.985786141,1.72E-17,1.05E-15,2745,1,2,1,0.666666667,1.333333333,0,0
ENSG00000263894,chr6,36589790,36591789,MIR3925,100500885,0.5,1,-0.5,-0.5,-3.329105741,3.56E-10,1.38E-08,859,2,2,1.5,0.333333333,1.5,0,0
ENSG00000218426,chr6,153603369,153605368,NA,NA,0.5,1,-0.5,-0.5,-3.329105741,3.56E-10,1.38E-08,859,3,1.333333333,1.666666667,0.555555556,1.111111111,0,0
ENSG00000204511,chr6,31494994,31496993,MCCD1,401250,0,0.5,-0.5,0,0,0.000530512,0.010018275,9373,2,2.5,1,0.166666667,1,0,0
ENSG00000234284,chr5,178449253,178451252,ZNF879,345462,0,0.5,-0.5,-0.5,-5.672425342,2.27E-39,7.69E-36,759,1,2,0,0.333333333,2,0,0
ENSG00000249129,chr5,177396817,177398816,SUDS3P1,NA,0.5,1,-0.5,-0.5,-0.985786141,2.69E-32,7.00E-30,2745,2,2.5,0.5,0.333333333,1.166666667,0,0
ENSG00000254363,chr5,139535404,139537403,NA,NA,0.5,1,-0.5,-0.5,-3.329105741,1.13E-18,1.32E-16,859,3,2,0.666666667,0.333333333,1.555555556,0,0
ENSG00000131437,chr5,132072831,132074830,KIF3A,11127,0.5,1,-0.5,-0.5,-0.985786141,1.72E-17,1.05E-15,2745,1,2,1,0.666666667,1,0,0
ENSG00000253798,chr5,157116775,157118774,NA,NA,0.5,1,-0.5,-0.5,-0.985786141,1.72E-17,1.05E-15,2745,1,2,1,0.666666667,2.666666667,0,1
ENSG00000112983,chr5,137514176,137516175,BRD8,10902,0.5,1,-0.5,-0.5,-3.329105741,2.54E-10,1.08E-08,859,3,2.333333333,1,0.222222222,1.666666667,0,0.333333333
ENSG00000207075,chr4,37701125,37703124,NA,NA,0.5,1,-0.5,-0.5,-0.985786141,2.69E-32,7.00E-30,2745,1,2,0,0.666666667,1,0,0
ENSG00000157765,chr4,25655423,25657422,SLC34A2,10568,0,0.5,-0.5,0,0,0.000530512,0.010018275,9373,2,2.5,1,0.166666667,1.166666667,0,0
ENSG00000145020,chr3,49459687,49461686,AMT,275,0.5,1,-0.5,-0.5,-0.985786141,2.69E-32,7.00E-30,2745,1,2,0,0.666666667,2.666666667,0,0
ENSG00000235261,chr3,49458879,49460878,NICN1-AS1,NA,0.5,1,-0.5,-0.5,-0.985786141,2.69E-32,7.00E-30,2745,2,2.5,0.5,0.333333333,2.833333333,0,0.5
ENSG00000164050,chr3,48471095,48473094,PLXNB1,5364,0.5,1,-0.5,-0.25,-0.49289307,1.39E-18,1.59E-16,4276,4,2,1.25,0.5,0.833333333,0,0
ENSG00000229729,chr3,88106924,88108923,NA,NA,0,0.5,-0.5,0,0,0.000530512,0.010018275,9373,2,2.5,1,0.166666667,0.833333333,0,0
ENSG00000178803,chr22,24890543,24892542,ADORA2A-AS1,646023,0.5,1,-0.5,-1,-6.658211483,6.44E-33,2.10E-30,23,2,2,1.5,0.5,0.5,0,0
ENSG00000128254,chr22,32341005,32343004,C22orf24,25775,0.5,1,-0.5,-0.5,-3.329105741,4.26E-19,6.48E-17,859,2,1.5,1.5,0.5,0.833333333,0,0
ENSG00000268812,chr22,30640484,30642483,NA,NA,0.5,1,-0.5,-0.5,-3.329105741,8.03E-19,1.04E-16,859,2,2,0.5,0.333333333,1.166666667,0,0
ENSG00000207696,chr22,38243282,38245281,MIR659,724029,0.5,1,-0.5,-0.5,-0.985786141,1.72E-17,1.05E-15,2745,2,2.5,0.5,0.333333333,1.166666667,0,0
ENSG00000100129,chr22,38243375,38245374,EIF3L,51386,0.5,1,-0.5,-0.5,-0.985786141,1.72E-17,1.05E-15,2745,1,2,1,0.666666667,1,0,0
ENSG00000100271,chr22,43484935,43486934,TTLL1,25809,0.5,1,-0.5,-0.5,-0.985786141,1.72E-17,1.05E-15,2745,1,2,1,0.666666667,1.666666667,0,0
ENSG00000182591,chr21,32253375,32255374,KRTAP11-1,337880,0.5,1,-0.5,-0.5,-3.329105741,2.92E-10,1.19E-08,859,2,2,0.5,0.333333333,1.333333333,0,0
ENSG00000221806,chr20,18591312,18593311,RNU6ATAC34P,NA,0.5,1,-0.5,-1,-6.658211483,8.22E-18,5.75E-16,261,2,2,2,0.333333333,0.833333333,0,0
ENSG00000087586,chr20,54966894,54968893,AURKA,6790,0.5,1,-0.5,-0.5,-3.329105741,3.56E-10,1.38E-08,859,2,2,1.5,0.833333333,0.666666667,0,0
ENSG00000271569,chr2,98018141,98020140,IGKV1OR2-6,NA,0.5,1,-0.5,-0.5,-0.985786141,2.69E-32,7.00E-30,2745,1,2,0,0.666666667,3.666666667,0,1
ENSG00000119777,chr2,27254278,27256277,TMEM214,54867,0.5,1,-0.5,-0.5,-3.329105741,8.03E-19,1.04E-16,859,2,2,0.5,0.5,1.333333333,0,0
ENSG00000228400,chr2,124782251,124784250,NA,NA,0.5,1,-0.5,-0.5,-3.329105741,8.03E-19,1.04E-16,859,2,2,0.5,0.333333333,2,0,0
ENSG00000155052,chr2,124781364,124783363,CNTNAP5,129684,0.5,1,-0.5,-0.5,-3.329105741,8.03E-19,1.04E-16,859,2,2,0.5,0.333333333,2,0,0
ENSG00000255767,chr2,3595048,3597047,NA,NA,0.5,1,-0.5,-0.5,-0.985786141,1.72E-17,1.05E-15,2745,1,2,1,0.666666667,1.333333333,0,0
ENSG00000115541,chr2,198363218,198365217,HSPE1,3336,0.5,1,-0.5,-0.5,-0.985786141,1.72E-17,1.05E-15,2745,1,2,1,0.666666667,1.333333333,0,0
ENSG00000270757,chr2,198363637,198365636,HSPE1-MOB4,25843;100529241,0.5,1,-0.5,-0.5,-0.985786141,1.72E-17,1.05E-15,2745,1,2,1,0.666666667,1.333333333,0,0
ENSG00000152076,chr2,130902208,130904207,CCDC74B,90557;91409,0.5,1,-0.5,-0.5,-3.329105741,2.54E-10,1.08E-08,859,7,2.714285714,1,0.095238095,0.952380952,0,0
ENSG00000036257,chr2,225449611,225451610,CUL3,8452,0.5,1,-0.5,-0.5,-3.329105741,2.54E-10,1.08E-08,859,4,2.5,0.75,0.166666667,1.416666667,0,0.25
ENSG00000144468,chr2,227698797,227700796,RHBDD1,84236,0.5,1,-0.5,-0.5,-3.329105741,2.54E-10,1.08E-08,859,2,1.5,1.5,0.5,1,0,0
ENSG00000136709,chr2,128568262,128570261,WDR33,55339;84826,0.5,1,-0.5,-0.5,-3.329105741,3.56E-10,1.38E-08,859,2,2,1.5,0.333333333,0.5,0,0
ENSG00000270849,chr19,34616378,34618377,CHCHD2P3,NA,0,0.5,-0.5,-1,-6.658211483,6.44E-33,2.10E-30,23,2,2.5,1,0.166666667,1,0,0
ENSG00000268734,chr19,55400539,55402538,NA,NA,0,0.5,-0.5,-0.5,-5.672425342,1.18E-20,1.94E-18,759,1,1,2,1,1.333333333,0,0
ENSG00000269124,chr19,46842762,46844761,NA,NA,0.5,1,-0.5,-0.5,-3.329105741,6.22E-19,8.95E-17,859,2,1.5,0,0.666666667,1.333333333,0,0
ENSG00000268751,chr19,35068107,35070106,SCGB1B2P,643719,0.5,1,-0.5,-1,-6.658211483,8.22E-18,5.75E-16,261,2,2,2,0.333333333,0.5,0,0
ENSG00000105122,chr19,15574883,15576882,RASAL3,64926,0.5,1,-0.5,-0.5,-0.985786141,1.72E-17,1.05E-15,2745,1,2,1,0.666666667,1,0,0
ENSG00000269445,chr19,39018696,39020695,NA,NA,0.5,1,-0.5,-0.5,-3.329105741,2.54E-10,1.08E-08,859,2,2,1,0.333333333,0.666666667,0,0
ENSG00000130203,chr19,45407511,45409510,APOE,348,0.5,1,-0.5,-0.5,-3.329105741,2.54E-10,1.08E-08,859,3,2,1.333333333,0.555555556,0.555555556,0,0
ENSG00000243455,chr19,18157947,18159946,RPS18P13,NA,0.5,1,-0.5,-0.5,-3.329105741,3.56E-10,1.38E-08,859,5,2.4,0.8,0.2,1.533333333,0,0
ENSG00000076826,chr19,7659288,7661287,CAMSAP3,57662,0.5,1,-0.5,-0.25,-0.49289307,4.42E-10,1.64E-08,4276,3,2,1.333333333,0.444444444,0.666666667,0,0
ENSG00000105443,chr19,48970789,48972788,CYTH2,9266,0,0.5,-0.5,0,0,0.000283739,0.006177696,9373,4,2.5,1,0.166666667,1.25,0,0
ENSG00000141977,chr19,16283837,16285836,CIB3,117286,0,0.5,-0.5,0,0,0.000530512,0.010018275,9373,2,2.5,1,0.333333333,1.333333333,0,0
ENSG00000263382,chr18,24403444,24405443,NA,NA,0.5,1,-0.5,-0.5,-0.985786141,2.69E-32,7.00E-30,2745,1,2,0,0.666666667,1.666666667,0,0
ENSG00000264546,chr17,60625587,60627586,NA,NA,0.5,1,-0.5,-0.5,-3.329105741,6.22E-19,8.95E-17,859,2,1,0.5,1,1.833333333,0,0
ENSG00000178977,chr17,8126862,8128861,LINC00324,284029,0.5,1,-0.5,-0.5,-3.329105741,8.03E-19,1.04E-16,859,2,2,0.5,0.333333333,1.166666667,0,0
ENSG00000129221,chr17,6338020,6340019,AIPL1,23746,0.5,1,-0.5,-0.5,-3.329105741,9.24E-19,1.16E-16,859,2,2,0,0.333333333,1.333333333,0,0
ENSG00000231784,chr17,654400,656399,DBIL5P,100131454,0.5,1,-0.5,-0.5,-3.329105741,1.13E-18,1.32E-16,859,5,2.6,1,0.2,1.2,0,0
ENSG00000263050,chr17,1947763,1949762,NA,NA,0.5,1,-0.5,-0.5,-3.329105741,1.13E-18,1.32E-16,859,2,1.5,0.5,0.5,1.5,0,0
ENSG00000189050,chr17,58041623,58043622,RNFT1,51136,0.5,1,-0.5,-0.5,-3.329105741,1.13E-18,1.32E-16,859,2,2,1,0.5,0.833333333,0,0
ENSG00000262133,chr17,779642,781641,NA,NA,0.5,1,-0.5,-0.5,-0.985786141,1.72E-17,1.05E-15,2745,2,2.5,1.5,0.333333333,1.333333333,0,0
ENSG00000141298,chr17,28256795,28258794,SSH2,85464,0.5,1,-0.5,-0.5,-0.985786141,1.72E-17,1.05E-15,2745,1,2,1,0.666666667,2.333333333,0,0
ENSG00000186566,chr17,42580299,42582298,GPATCH8,23131,0.5,1,-0.5,-0.5,-3.329105741,2.54E-10,1.08E-08,859,2,2,1,0.333333333,1.166666667,0,0
ENSG00000136457,chr17,48545828,48547827,CHAD,1101,0,0.5,-0.5,0,0,0.000530512,0.010018275,9373,2,2.5,1,0.166666667,0.666666667,0,0
ENSG00000260083,chr16,30885043,30887042,MIR4519,100616231;101928736,0.5,1,-0.5,-0.5,-3.329105741,9.24E-19,1.16E-16,859,2,2,0,0.5,1.5,0,0
ENSG00000224310,chr16,24681884,24683883,NA,400511,0.5,1,-0.5,-0.5,-3.329105741,1.13E-18,1.32E-16,859,4,2.5,1.25,0.166666667,0.833333333,0,0
ENSG00000251794,chr16,74488939,74490938,RNU6-237P,NA,0.5,1,-0.5,-0.5,-3.329105741,1.13E-18,1.32E-16,859,2,2,1,0.333333333,1,0,0
ENSG00000239114,chr16,30290173,30292172,NA,NA,0.5,1,-0.5,-0.5,-3.329105741,3.56E-10,1.38E-08,859,2,1.5,1,0.5,0.666666667,0,0
ENSG00000140839,chr16,74454869,74456868,CLEC18B,497190,0.5,1,-0.5,-0.5,-3.329105741,3.56E-10,1.38E-08,859,3,2.333333333,1.666666667,0.222222222,0.888888889,0,0
ENSG00000261170,chr16,74454518,74456517,NA,NA,0.5,1,-0.5,-0.5,-3.329105741,3.56E-10,1.38E-08,859,3,2.333333333,1.666666667,0.222222222,0.888888889,0,0
ENSG00000185182,chr15,22715105,22717104,GOLGA8DP,NA,0,0.5,-0.5,-0.5,-5.672425342,1.18E-20,1.94E-18,759,1,2,1,0.333333333,1.333333333,0,0
ENSG00000128915,chr15,60770860,60772859,NARG2,79664,0.5,1,-0.5,-0.5,-3.329105741,8.03E-19,1.04E-16,859,2,2,0.5,0.333333333,2.166666667,0,0.5
ENSG00000263512,chr15,66331071,66333070,MIR4311,100422905,0.5,1,-0.5,-0.5,-0.985786141,1.72E-17,1.05E-15,2745,2,2.5,1,0.333333333,1.166666667,0,0
ENSG00000261762,chr15,78883119,78885118,NA,NA,0.5,1,-0.5,-0.5,-3.329105741,1.97E-10,8.74E-09,859,2,1.5,0.5,0.666666667,1.5,0,0
ENSG00000166813,chr15,90198183,90200182,KIF7,374654,0.5,1,-0.5,-0.5,-3.329105741,4.71E-06,0.000125298,1018,5,2,1.2,0.4,0.933333333,0,0
ENSG00000242135,chr14,60679131,60681130,RPL17P2,NA,0.5,1,-0.5,-0.5,-0.985786141,2.69E-32,7.00E-30,2745,1,2,0,0.666666667,2,0,0
ENSG00000211831,chr14,22942806,22944805,TRAJ61,NA,0.5,1,-0.5,-0.5,-0.985786141,1.72E-17,1.05E-15,2745,1,2,1,0.666666667,1,0,0
ENSG00000249446,chr14,22943796,22945795,TRAJ60,NA,0.5,1,-0.5,-0.5,-0.985786141,1.72E-17,1.05E-15,2745,1,2,1,0.666666667,1,0,0
ENSG00000211832,chr14,22944043,22946042,TRAJ59,NA,0.5,1,-0.5,-0.5,-0.985786141,1.72E-17,1.05E-15,2745,1,2,1,0.666666667,1,0,0
ENSG00000259634,chr14,92525378,92527377,NA,4287,0.5,1,-0.5,-0.5,-0.985786141,1.72E-17,1.05E-15,2745,1,2,1,0.666666667,1.333333333,0,0
ENSG00000264741,chr14,74223950,74225949,MIR4505,100616158,0.5,1,-0.5,-0.5,-3.329105741,2.92E-10,1.19E-08,859,3,2.333333333,0.666666667,0.222222222,1.444444444,0,0
ENSG00000258935,chr14,91032339,91034338,NA,NA,0,0.5,-0.5,0,0,0.000530512,0.010018275,9373,2,2.5,1,0.166666667,1.166666667,0,0
ENSG00000201624,chr12,34135002,34137001,NA,NA,0.5,1,-0.5,-0.5,-0.985786141,2.69E-32,7.00E-30,2745,1,2,0,0.666666667,1.666666667,0,0
ENSG00000196082,chr12,50704612,50706611,NA,NA,0.5,1,-0.5,-0.5,-0.985786141,2.69E-32,7.00E-30,2745,1,2,0,0.666666667,2.666666667,0,0
ENSG00000110987,chr12,122455828,122457827,BCL7A,605,0.5,1,-0.5,-0.5,-0.985786141,2.69E-32,7.00E-30,2745,2,2.5,0,0.333333333,2.166666667,0,0
ENSG00000249641,chr12,54332928,54334927,HOXC13-AS,100874366,0.5,1,-0.5,-0.5,-3.329105741,8.03E-19,1.04E-16,859,3,2.333333333,0.666666667,0.222222222,1.333333333,0,0
ENSG00000214851,chr12,9217167,9219166,LINC00612,253128,0.5,1,-0.5,-0.5,-0.985786141,1.72E-17,1.05E-15,2745,1,2,1,0.666666667,1.333333333,0,0
ENSG00000256747,chr12,27933501,27935500,NA,NA,0.5,1,-0.5,-0.5,-0.985786141,1.72E-17,1.05E-15,2745,1,2,1,0.666666667,1,0,0
ENSG00000202249,chr12,101858983,101860982,RNU5E-5P,NA,0.5,1,-0.5,-0.5,-0.985786141,1.72E-17,1.05E-15,2745,1,2,1,0.666666667,1.333333333,0,0
ENSG00000240342,chr12,118682377,118684376,RPS2P5,NA,0.5,1,-0.5,-0.5,-0.985786141,1.72E-17,1.05E-15,2745,1,2,1,0.666666667,0.666666667,0,0
ENSG00000258101,chr12,49658040,49660039,NA,NA,0.5,1,-0.5,-0.5,-3.329105741,2.92E-10,1.19E-08,859,2,2,0.5,0.333333333,1.5,0,0
ENSG00000177425,chr12,80084378,80086377,PAWR,5074,0.5,1,-0.5,-0.5,-3.329105741,3.56E-10,1.38E-08,859,2,2,1.5,0.333333333,1.333333333,0,0
ENSG00000180263,chr12,95610759,95612758,FGD6,55785,0.5,1,-0.5,-0.5,-3.329105741,3.56E-10,1.38E-08,859,2,2,1.5,0.333333333,1,0,0
ENSG00000028203,chr12,95610022,95612021,VEZT,55591,0.5,1,-0.5,-0.5,-3.329105741,3.56E-10,1.38E-08,859,2,2,1.5,0.333333333,1,0,0
ENSG00000254740,chr11,119241916,119243915,NA,NA,0.5,1,-0.5,-0.5,-0.985786141,2.69E-32,7.00E-30,2745,1,2,0,0.666666667,1.333333333,0,0
ENSG00000239553,chr11,66479981,66481980,RN7SL12P,NA,0,0.5,-0.5,0,0,0.000530512,0.010018275,9373,2,2.5,1.5,0.166666667,0.5,0,0
ENSG00000095713,chr10,99790086,99792085,CRTAC1,55118,0.5,1,-0.5,-0.5,-3.329105741,8.03E-19,1.04E-16,859,2,2,0.5,0.5,1.333333333,0,0
ENSG00000198035,chr10,48188112,48190111,AGAP9,642517,0.5,1,-0.5,-0.5,-3.329105741,2.54E-10,1.08E-08,859,2,1.5,1.5,0.5,1.166666667,0,0
ENSG00000165996,chr10,17658877,17660876,PTPLA,9200,0.5,1,-0.5,-0.5,-3.329105741,3.56E-10,1.38E-08,859,2,2,1.5,0.333333333,1,0,0
ENSG00000212144,chr1,234727521,234729520,NA,NA,0.5,1,-0.5,-0.5,-0.985786141,4.79E-33,2.10E-30,2745,1,1,1,1.333333333,0.666666667,0,0
ENSG00000214837,chr1,243264536,243266535,NA,100288102;101926901;101926936;101928344;101928976;101929827;101929966,0.5,1,-0.5,-0.5,-0.985786141,2.69E-32,7.00E-30,2745,1,2,0,0.666666667,2.333333333,0,0
ENSG00000176444,chr1,155247783,155249782,CLK2,1196,0.5,1,-0.5,-0.5,-3.329105741,8.03E-19,1.04E-16,859,2,2,0.5,0.5,1.5,0,0
ENSG00000143674,chr1,233462014,233464013,NA,84451,0.5,1,-0.5,-0.5,-3.329105741,8.03E-19,1.04E-16,859,2,2,0.5,0.333333333,1.333333333,0,0
ENSG00000143537,chr1,155021542,155023541,ADAM15,8751,0.5,1,-0.5,-0.5,-3.329105741,1.13E-18,1.32E-16,859,3,2,0.333333333,0.333333333,1.888888889,0,0
ENSG00000215381,chr1,23569758,23571757,NA,NA,0.5,1,-0.5,-0.5,-0.985786141,1.72E-17,1.05E-15,2745,1,2,1,0.666666667,0.666666667,0,0
ENSG00000171790,chr1,41488410,41490409,SLFNL1,200172,0.5,1,-0.5,-0.5,-0.985786141,1.72E-17,1.05E-15,2745,1,2,1,0.666666667,1.333333333,0,0
ENSG00000243480,chr1,104158499,104160498,AMY2A,279,0.5,1,-0.5,-0.5,-0.985786141,1.72E-17,1.05E-15,2745,1,2,1,0.666666667,0.666666667,0,0
ENSG00000134262,chr1,114447324,114449323,AP4B1,10717,0.5,1,-0.5,-0.5,-0.985786141,1.72E-17,1.05E-15,2745,2,2.5,1,0.333333333,1,0,0
ENSG00000269996,chr1,121131756,121133755,NA,NA,0,0.5,-0.5,-0.5,-3.329105741,8.53E-14,4.81E-12,859,2,1,2,0.666666667,0.833333333,0,0
ENSG00000159208,chr1,150253453,150255452,C1orf51,148523,0,0.5,-0.5,0,0,0.000530512,0.010018275,9373,2,2.5,1,0.166666667,1.333333333,0,0
ENSG00000133937,chr14,95236063,95238062,GSC,145258,0.472222222,0.986394558,-0.514172336,-0.511904762,-2.619332577,8.72E-11,4.04E-09,1266,7,2,0.857142857,0.571428571,1.761904762,0,0.285714286
ENSG00000213079,chr6,155052959,155054958,SCAF8,22828,0.333333333,0.85,-0.516666667,-0.416666667,-3.786217067,9.29E-08,2.99E-06,1763,5,2.4,1.6,0.2,0.933333333,0,0
ENSG00000187735,chr8,54934590,54936589,TCEA1,6917,0.333333333,0.854166667,-0.520833333,-0.541666667,-3.41288279,1.04E-18,1.28E-16,851,4,2,0.5,0.333333333,1.5,0,0.25
ENSG00000117868,chr7,158622445,158624444,ESYT2,57488,0.375,0.911111111,-0.536111111,-0.536111111,-3.394590438,3.26E-10,1.30E-08,854,2,1.5,0.5,0.666666667,1.833333333,0,0.5
ENSG00000170412,chr17,72419490,72421489,GPRC5C,55890,0.333333333,0.888888889,-0.555555556,-0.555555556,-4.246194966,1.89E-07,5.93E-06,864,3,2,0.666666667,0.444444444,1.555555556,0,0
ENSG00000250539,chr5,122737539,122739538,KRT8P33,NA,0.3125,0.875,-0.5625,-0.5625,-3.458727155,3.06E-10,1.23E-08,849,2,1.5,1.5,1,1.5,0,0
ENSG00000235284,chr9,134359552,134361551,SNORD62A,26786;692093,0.416666667,1,-0.583333333,-0.583333333,-3.459195946,1.70E-10,7.62E-09,844,2,1.5,0.5,0.833333333,0.833333333,0,0
ENSG00000229873,chr20,61436440,61438439,OGFR-AS1,101409261,0.166666667,0.75,-0.583333333,-0.583333333,-3.614549399,2.97E-10,1.20E-08,823,2,1,1,0.833333333,1.5,0,0
ENSG00000250207,chr2,130750179,130752178,NA,NA,0.416666667,1,-0.583333333,-0.583333333,-2.871994416,1.09E-08,3.78E-07,1168,3,1.333333333,1.333333333,0.666666667,0.888888889,0,0
ENSG00000139193,chr12,6552533,6554532,CD27,939,0,0.583333333,-0.583333333,-0.583333333,-5.876399379,5.47E-12,2.63E-10,711,2,2,0.5,0.333333333,1.5,0,0
ENSG00000265499,chr18,14828665,14830664,MIR3156-2,100422907,0,0.6,-0.6,-1,-6.658211483,8.22E-18,5.75E-16,261,5,2.8,1.6,0.133333333,0.733333333,0,0
ENSG00000115970,chr2,43822686,43824685,THADA,63892,0,0.616666667,-0.616666667,-0.616666667,-5.969626351,0.002384358,0.041097531,1570,1,2,0,0.333333333,3.666666667,0,1
ENSG00000105991,chr7,27135116,27137115,HOXA1,3198,0,0.625,-0.625,0,0,0.000530512,0.010018275,9373,4,2.75,1.5,0.083333333,0.666666667,0,0
ENSG00000270136,chr1,19921973,19923972,MINOS1-NBL1,4681;100532736,0.125,0.75,-0.625,-0.625,-3.815098553,2.64E-10,1.12E-08,802,2,1.5,0.5,0.666666667,1.5,0,0
ENSG00000173436,chr1,19921977,19923976,MINOS1,440574,0.125,0.75,-0.625,-0.625,-3.815098553,2.64E-10,1.12E-08,802,2,1.5,0.5,0.666666667,1.5,0,0
ENSG00000252490,chr2,43998990,44000989,RN7SKP66,NA,0.25,0.888888889,-0.638888889,-0.583333333,-3.533079779,1.53E-18,1.74E-16,837,3,2.333333333,0,0.333333333,1.777777778,0,0
ENSG00000138036,chr2,43999678,44001677,DYNC2LI1,51626,0.25,0.888888889,-0.638888889,-0.583333333,-3.533079779,1.53E-18,1.74E-16,837,3,2.333333333,0,0.333333333,1.777777778,0,0
ENSG00000110660,chr11,107798520,107800519,SLC35F2,54733,0.333333333,0.981481481,-0.648148148,-0.666666667,-4.438807655,1.02E-25,2.23E-23,755,6,2.5,0.666666667,0.166666667,1.611111111,0,0.333333333
ENSG00000196418,chr1,247334819,247336818,ZNF124,7678,0,0.65,-0.65,-0.2,-4.392317423,8.40E-33,2.67E-30,3683,3,2,1,0.333333333,1.555555556,0,0.333333333
ENSG00000250733,chr8,140941916,140943915,C8orf17,NA,0.333333333,1,-0.666666667,-0.5,-3.329105741,2.54E-10,1.08E-08,859,3,2,1.666666667,0.333333333,0.444444444,0,0
ENSG00000175730,chr20,31278317,31280316,BAK1P1,578,0,0.666666667,-0.666666667,-0.666666667,-6.080373416,3.34E-36,9.03E-33,664,1,1,1,0.666666667,2,0,0
ENSG00000087495,chr20,58151064,58153063,PHACTR3,116154,0.333333333,1,-0.666666667,-0.666666667,-1.556673456,1.61E-17,1.05E-15,1919,3,2.666666667,1.333333333,0.333333333,0.666666667,0,0
ENSG00000136732,chr2,127412009,127414008,GYPC,2995,0.333333333,1,-0.666666667,-0.666666667,-1.556673456,1.61E-17,1.05E-15,1919,1,2,1,1,1.333333333,0,0
ENSG00000175155,chr17,57407550,57409549,YPEL2,388403,0,0.666666667,-0.666666667,-1,-6.658211483,7.55E-11,3.52E-09,578,3,2.333333333,1.333333333,0.222222222,0.666666667,0,0
ENSG00000167207,chr16,50726014,50728013,NOD2,64127,0,0.666666667,-0.666666667,-0.5,-3.329105741,3.56E-10,1.38E-08,859,3,2.333333333,1.333333333,0.222222222,0.888888889,0,0
ENSG00000165626,chr10,13570475,13572474,BEND7,222389,0,0.666666667,-0.666666667,0,0,0.000530512,0.010018275,9373,3,2.333333333,2,0.222222222,0.444444444,0,0
ENSG00000232964,chr1,230730830,230732829,NA,101927553,0.333333333,1,-0.666666667,-0.666666667,-1.556673456,1.61E-17,1.05E-15,1919,1,2,1,1,1.666666667,0,0
ENSG00000162460,chr1,16067417,16069416,TMEM82,388595,0.25,0.916666667,-0.666666667,-0.666666667,-3.691908607,1.28E-10,5.82E-09,815,2,1.5,1,0.666666667,1.166666667,0,0
ENSG00000130147,chr2,235859117,235861116,SH3BP4,23677,0.125,0.8,-0.675,-0.875,-5.240105147,1.35E-29,3.03E-27,679,5,2,0.6,0.333333333,0.8,0,0
ENSG00000217289,chr2,130748962,130750961,NA,NA,0.305555556,1,-0.694444444,-0.694444444,-3.064607105,9.51E-09,3.30E-07,1119,3,0.666666667,1.666666667,1,0.777777778,0,0
ENSG00000125744,chr19,45999820,46001819,RTN2,6253,0,0.7,-0.7,-0.55,-5.80158134,8.02E-28,1.78E-25,734,3,1.666666667,0.666666667,0.444444444,1.777777778,0,0.666666667
ENSG00000271959,chr8,142443145,142445144,NA,NA,0.25,0.962962963,-0.712962963,-0.694444444,-3.737928516,2.34E-10,1.03E-08,812,3,2,0.666666667,0.444444444,1.222222222,0,0
ENSG00000053438,chr20,36148117,36150116,NNAT,4826,0,0.733333333,-0.733333333,-0.2,-4.392317423,1.35E-20,2.21E-18,3683,3,2.333333333,1.666666667,0.222222222,1.111111111,0,0.333333333
ENSG00000128573,chr7,113724882,113726881,FOXP2,93986,0,0.75,-0.75,-0.5,-5.672425342,9.33E-49,7.83E-45,759,2,1.5,1.5,0.5,0.833333333,0,0
ENSG00000253686,chr5,173172715,173174714,NA,101928136,0,0.75,-0.75,-1,-6.658211483,8.22E-18,5.75E-16,261,2,2.5,1.5,0.166666667,0.833333333,0,0
ENSG00000182057,chr22,42664259,42666258,NA,388906,0.25,1,-0.75,-0.5,-0.985786141,1.72E-17,1.05E-15,2745,2,2,2,0.5,0.5,0,0
ENSG00000233956,chr21,34890916,34892915,BTF3P6,NA,0,0.75,-0.75,-1,-6.658211483,5.63E-21,9.83E-19,130,2,2,1.5,0.333333333,0.666666667,0,0
ENSG00000224661,chr2,3751244,3753243,NA,NA,0,0.75,-0.75,-0.75,-6.165318412,8.87E-19,1.14E-16,481,2,2,0.5,0.333333333,2,0,0
ENSG00000143869,chr2,20864924,20866923,GDF7,151449,0,0.75,-0.75,-1,-6.658211483,8.22E-18,5.75E-16,261,2,2.5,1.5,0.166666667,0.666666667,0,0
ENSG00000092199,chr14,21737154,21739153,HNRNPC,3183,0,0.75,-0.75,-1,-6.658211483,8.22E-18,5.75E-16,261,3,2.666666667,0.666666667,0.111111111,1.444444444,0,0
ENSG00000258663,chr14,101326864,101328863,NA,NA,0.25,1,-0.75,-0.75,-1.957771765,1.56E-17,1.05E-15,1599,2,2.5,1,0.666666667,0.666666667,0,0
ENSG00000064199,chr11,124542194,124544193,SPA17,53340,0.25,1,-0.75,-0.75,-3.821998812,1.31E-19,2.06E-17,796,2,2,1,0.5,1,0,0
ENSG00000157216,chr1,54878653,54880652,SSBP3,23648,0.25,1,-0.75,-0.75,-3.821998812,1.79E-36,5.39E-33,796,2,2,0,0.5,2.166666667,0,0.5
ENSG00000160888,chr19,13259729,13261728,IER2,9592,0,0.785714286,-0.785714286,-1,-6.658211483,6.44E-33,2.10E-30,23,3,2.666666667,0.666666667,0.111111111,2.111111111,0,0.666666667
ENSG00000153317,chr8,131455407,131457406,ASAP1,50807,0,0.819444444,-0.819444444,-0.638888889,-6.019899557,0.002345738,0.040483436,1568,2,2.5,0.5,0.166666667,1.833333333,0,0
ENSG00000136856,chr9,130157921,130159920,SLC2A8,29988,0,0.833333333,-0.833333333,-1,-6.658211483,8.22E-18,5.75E-16,261,3,2.666666667,0.666666667,0.111111111,1.111111111,0,0
ENSG00000225413,chr22,23855290,23857289,NA,NA,0,0.833333333,-0.833333333,-0.5,-3.329105741,2.78E-19,4.27E-17,859,6,2.166666667,1.666666667,0.388888889,0.611111111,0,0
ENSG00000099377,chr16,30995019,30997018,HSD3B7,80270,0,0.833333333,-0.833333333,-0.5,-5.672425342,1.18E-20,1.94E-18,759,3,2.333333333,1.666666667,0.333333333,0.555555556,0,0
ENSG00000155330,chr16,46864824,46866823,C16orf87,388272,0,0.833333333,-0.833333333,-0.833333333,-6.36929245,2.17E-10,9.55E-09,614,2,2,0.5,0.333333333,1.166666667,0,0
ENSG00000199635,chr9,21159836,21161835,NA,NA,0,0.857142857,-0.857142857,-0.5,-3.329105741,3.56E-10,1.38E-08,859,7,2.714285714,1.428571429,0.095238095,0.714285714,0,0
ENSG00000206356,chr5,98860667,98862666,NA,NA,0,0.875,-0.875,-1,-6.658211483,6.44E-33,2.10E-30,23,2,2.5,0.5,0.166666667,2,0,0
ENSG00000241983,chr19,39858293,39860292,RN7SL566P,NA,0,0.875,-0.875,-1,-6.658211483,8.22E-18,5.75E-16,261,2,2.5,1,0.166666667,1,0,0
ENSG00000132002,chr19,14640083,14642082,DNAJB1,3337,0,0.875,-0.875,-0.75,-6.165318412,2.81E-10,1.17E-08,645,4,2.5,1.25,0.166666667,0.833333333,0,0
ENSG00000197015,chr1,54479827,54481826,NA,NA,0,0.916666667,-0.916666667,-0.916666667,-6.528121278,1.10E-10,5.03E-09,590,2,2,0.5,0.333333333,1.333333333,0,0
ENSG00000204642,chr6,29689052,29691051,HLA-F,3134,0,0.944444444,-0.944444444,-1,-6.658211483,8.22E-18,5.75E-16,261,4,2.75,0.25,0.083333333,3.333333333,0,0.5
ENSG00000214146,chr3,193720949,193722948,NA,647323,0,0.944444444,-0.944444444,-1,-6.658211483,6.44E-33,2.10E-30,23,4,2.75,0.5,0.083333333,1.75,0,0
ENSG00000265533,chr18,65182283,65184282,NA,643542,0,0.944444444,-0.944444444,-1,-6.658211483,6.44E-33,2.10E-30,23,2,2.5,0,0.166666667,2,0,0
ENSG00000124915,chr11,61524628,61526627,NA,26070,0,0.958333333,-0.958333333,-0.9375,-6.562908516,2.53E-19,3.91E-17,425,3,2,0.666666667,0.333333333,1.777777778,0,0
ENSG00000179331,chr11,107797729,107799728,RAB39A,54734,0,0.962962963,-0.962962963,-1,-6.658211483,6.44E-33,2.10E-30,23,3,2.666666667,0.666666667,0.111111111,1.888888889,0,0.666666667
ENSG00000184814,chr3,138739269,138741268,PRR23B,389151,0,0.972222222,-0.972222222,-1,-6.658211483,8.65E-20,1.38E-17,168,3,2.333333333,0.666666667,0.222222222,2,0,0.333333333
ENSG00000238002,chr9,82476434,82478433,NPAP1P6,NA,0,1,-1,-1,-6.658211483,6.44E-33,2.10E-30,23,1,2,0,0.333333333,2,0,0
ENSG00000233713,chr9,88746037,88748036,NA,NA,0,1,-1,-1,-6.658211483,6.44E-33,2.10E-30,23,1,2,0,0.333333333,2,0,0
ENSG00000252847,chr9,98620686,98622685,RNU2-46P,NA,0,1,-1,-1,-6.658211483,6.44E-33,2.10E-30,23,1,2,0,0.333333333,2.333333333,0,1
ENSG00000228623,chr9,115774008,115776007,ZNF883,NA,0,1,-1,-1,-6.658211483,6.44E-33,2.10E-30,23,2,2.5,1,0.166666667,0.666666667,0,0
ENSG00000223188,chr9,132881585,132883584,NA,NA,0,1,-1,-1,-6.658211483,6.44E-33,2.10E-30,23,1,2,0,0.333333333,4,0,1
ENSG00000178723,chr9,34915672,34917671,GLULP4,NA,0,1,-1,-1,-6.658211483,8.22E-18,5.75E-16,261,2,2.5,1,0.166666667,0.833333333,0,0
ENSG00000264255,chr9,37459207,37461206,RN7SL463P,NA,0,1,-1,-1,-6.658211483,8.22E-18,5.75E-16,261,1,2,1,0.333333333,1,0,0
ENSG00000187210,chr9,79033252,79035251,GCNT1,2650,0,1,-1,-1,-6.658211483,8.22E-18,5.75E-16,261,1,2,1,0.333333333,0.666666667,0,0
ENSG00000233814,chr9,79033350,79035349,NA,NA,0,1,-1,-1,-6.658211483,8.22E-18,5.75E-16,261,1,2,1,0.333333333,0.666666667,0,0
ENSG00000225856,chr9,91585757,91587756,PCNPP2,NA,0,1,-1,-1,-6.658211483,8.22E-18,5.75E-16,261,1,2,1,0.333333333,0.666666667,0,0
ENSG00000228658,chr9,91585053,91587052,NA,NA,0,1,-1,-1,-6.658211483,8.22E-18,5.75E-16,261,1,2,1,0.333333333,0.666666667,0,0
ENSG00000236130,chr9,100571791,100573790,NA,101928337,0,1,-1,-1,-6.658211483,8.22E-18,5.75E-16,261,1,2,1,0.333333333,1,0,0
ENSG00000221297,chr9,131019569,131021568,NA,NA,0,1,-1,-1,-6.658211483,8.22E-18,5.75E-16,261,1,2,1,0.333333333,1.333333333,0,0
ENSG00000204031,chr9,136183129,136185128,LCN1P2,NA,0,1,-1,-1,-6.658211483,8.22E-18,5.75E-16,261,2,2.5,1,0.166666667,1.166666667,0,0
ENSG00000206996,chr8,12900359,12902358,RNU6-842P,NA,0,1,-1,-1,-6.658211483,6.44E-33,2.10E-30,23,1,2,0,0.333333333,2,0,0
ENSG00000246339,chr8,28558482,28560481,EXTL3-AS1,101929402,0,1,-1,-1,-6.658211483,8.22E-18,5.75E-16,261,1,2,1,0.333333333,3,0,1
ENSG00000253688,chr8,49468502,49470501,NA,NA,0,1,-1,-1,-6.658211483,8.22E-18,5.75E-16,261,1,2,1,0.333333333,0.666666667,0,0
ENSG00000261710,chr8,143169688,143171687,NA,NA,0,1,-1,-1,-6.658211483,8.22E-18,5.75E-16,261,2,2.5,0.5,0.166666667,1,0,0
ENSG00000272768,chr7,44923052,44925051,NA,NA,0,1,-1,-1,-6.658211483,6.44E-33,2.10E-30,23,1,2,0,0.333333333,1.333333333,0,0
ENSG00000158517,chr7,74186809,74188808,NCF1,653361,0,1,-1,-1,-6.658211483,6.44E-33,2.10E-30,23,1,2,0,0.333333333,1.333333333,0,0
ENSG00000155070,chr7,6898962,6900961,UNC93B2,NA,0,1,-1,-1,-6.658211483,8.22E-18,5.75E-16,261,2,2.5,1.5,0.166666667,1,0,0
ENSG00000229403,chr7,51680447,51682446,NA,NA,0,1,-1,-1,-6.658211483,8.22E-18,5.75E-16,261,1,2,1,0.333333333,0.666666667,0,0
ENSG00000272843,chr7,72395164,72397163,NA,NA,0,1,-1,-1,-6.658211483,8.22E-18,5.75E-16,261,2,2.5,1.5,0.166666667,1.166666667,0,0.5
ENSG00000205444,chr6,4609390,4611389,NA,NA,0,1,-1,-1,-6.658211483,1.15E-33,2.10E-30,11,1,1,1,0.666666667,1,0,0
ENSG00000201330,chr6,29548526,29550525,SNORD32B,692092,0,1,-1,-1,-6.658211483,6.44E-33,2.10E-30,23,1,2,0,0.333333333,1,0,0
ENSG00000231301,chr6,29548785,29550784,RPL13AP,NA,0,1,-1,-1,-6.658211483,6.44E-33,2.10E-30,23,1,2,0,0.333333333,1,0,0
ENSG00000212468,chr6,45984982,45986981,RNU6-754P,NA,0,1,-1,-1,-6.658211483,6.44E-33,2.10E-30,23,1,2,0,0.333333333,1.666666667,0,0
ENSG00000233967,chr6,81151561,81153560,NA,NA,0,1,-1,-1,-6.658211483,6.44E-33,2.10E-30,23,1,2,0,0.333333333,2,0,0
ENSG00000213078,chr6,157787456,157789455,NA,NA,0,1,-1,-1,-6.658211483,6.44E-33,2.10E-30,23,1,2,0,0.333333333,4,0,1
ENSG00000112499,chr6,160698171,160700170,SLC22A2,6582,0,1,-1,-1,-6.658211483,6.44E-33,2.10E-30,23,1,2,0,0.333333333,2,0,0
ENSG00000231226,chr6,30071517,30073516,TRIM31-AS1,NA,0,1,-1,-1,-6.658211483,5.63E-21,9.83E-19,130,1,1,2,0.666666667,0.333333333,0,0
ENSG00000227954,chr6,134212575,134214574,NA,100507308,0,1,-1,-1,-6.658211483,8.65E-20,1.38E-17,168,2,2,1,0.333333333,1.166666667,0,0
ENSG00000230521,chr6,29855546,29857545,HCG4P7,NA,0,1,-1,-1,-6.658211483,8.22E-18,5.75E-16,261,1,2,1,0.333333333,1.666666667,0,0
ENSG00000251426,chr5,5049111,5051110,NA,NA,0,1,-1,-1,-6.658211483,8.22E-18,5.75E-16,261,1,2,1,0.333333333,1.333333333,0,0
ENSG00000213940,chr5,52500891,52502890,NA,NA,0,1,-1,-1,-6.658211483,8.22E-18,5.75E-16,261,1,2,1,0.333333333,1.333333333,0,0
ENSG00000249372,chr5,77516508,77518507,ATP6V1G1P6,NA,0,1,-1,-1,-6.658211483,8.22E-18,5.75E-16,261,1,2,1,0.333333333,1,0,0
ENSG00000145908,chr5,150284046,150286045,ZNF300,91975,0,1,-1,-1,-6.658211483,8.22E-18,5.75E-16,261,3,2.666666667,0.333333333,0.111111111,2.111111111,0,0
ENSG00000212402,chr5,172446231,172448230,SNORA74B,677841,0,1,-1,-1,-6.658211483,8.22E-18,5.75E-16,261,1,2,1,0.666666667,1,0,0
ENSG00000254200,chr5,172652927,172654926,RPL7AP33,NA,0,1,-1,-1,-6.658211483,8.22E-18,5.75E-16,261,1,2,1,0.333333333,0.666666667,0,0
ENSG00000248717,chr5,180110266,180112265,NA,100652782,0,1,-1,-1,-6.658211483,8.22E-18,5.75E-16,261,2,2.5,1,0.166666667,1.666666667,0,0.5
ENSG00000247572,chr5,80596880,80598879,CKMT2-AS1,100131067,0,1,-1,-1,-6.658211483,7.55E-11,3.52E-09,578,2,2,1.5,0.333333333,1,0,0
ENSG00000131732,chr5,80595909,80597908,ZCCHC9,84240,0,1,-1,-1,-6.658211483,7.55E-11,3.52E-09,578,3,2.333333333,1.666666667,0.222222222,1.111111111,0,0
ENSG00000138785,chr4,106816644,106818643,INTS12,57117,0,1,-1,-1,-6.658211483,1.74E-48,7.83E-45,4,3,2.333333333,1.333333333,0.222222222,0.888888889,0,0
ENSG00000248283,chr4,42563943,42565942,NA,NA,0,1,-1,-1,-6.658211483,8.22E-18,5.75E-16,261,1,2,1,0.333333333,1,0,0
ENSG00000138678,chr4,84455567,84457566,AGPAT9,84803,0,1,-1,-1,-6.658211483,8.22E-18,5.75E-16,261,2,2.5,1.5,0.166666667,0.666666667,0,0
ENSG00000246541,chr4,95128208,95130207,NA,101929210,0,1,-1,-1,-6.658211483,8.22E-18,5.75E-16,261,2,2.5,1.5,0.166666667,0.833333333,0,0
ENSG00000163104,chr4,95127262,95129261,SMARCAD1,56916,0,1,-1,-1,-6.658211483,8.22E-18,5.75E-16,261,2,2.5,1.5,0.166666667,0.833333333,0,0
ENSG00000091527,chr3,133291074,133293073,CDV3,55573,0,1,-1,-1,-6.658211483,1.74E-48,7.83E-45,4,1,1,0,1,1.666666667,0,0
ENSG00000233565,chr3,186640043,186642042,NA,NA,0,1,-1,-1,-6.658211483,1.74E-48,7.83E-45,4,1,1,0,0.666666667,2.666666667,0,0
ENSG00000169313,chr3,151102101,151104100,P2RY12,64805,0,1,-1,-1,-6.658211483,6.44E-33,2.10E-30,23,1,2,0,0.666666667,2.333333333,0,0
ENSG00000242908,chr3,151645464,151647463,NA,101928142,0,1,-1,-1,-6.658211483,6.44E-33,2.10E-30,23,2,2.5,1,0.166666667,0.833333333,0,0
ENSG00000114316,chr3,49377646,49379645,USP4,7375,0,1,-1,-1,-6.658211483,8.22E-18,5.75E-16,261,1,2,1,0.333333333,1.333333333,0,0
ENSG00000270773,chr3,129062754,129064753,NA,NA,0,1,-1,-1,-6.658211483,8.22E-18,5.75E-16,261,1,2,1,0.333333333,1.333333333,0,0
ENSG00000128342,chr22,30642341,30644340,LIF,3976,0,1,-1,-1,-6.658211483,6.44E-33,2.10E-30,23,1,2,0,0.333333333,1.666666667,0,0
ENSG00000100151,chr22,38450818,38452817,PICK1,9463,0,1,-1,-1,-6.658211483,5.63E-21,9.83E-19,130,2,2,1.5,0.333333333,1.5,0,0.5
ENSG00000100319,chr22,30162501,30164500,ZMAT5,55954,0,1,-1,-1,-6.658211483,8.22E-18,5.75E-16,261,2,2.5,1.5,0.166666667,0.5,0,0
ENSG00000184076,chr22,30161858,30163857,UQCR10,29796,0,1,-1,-1,-6.658211483,8.22E-18,5.75E-16,261,2,2.5,1.5,0.166666667,0.5,0,0
ENSG00000183531,chr22,33255921,33257920,NA,NA,0,1,-1,-1,-6.658211483,8.22E-18,5.75E-16,261,1,2,1,0.666666667,0.666666667,0,0
ENSG00000101442,chr20,37375585,37377584,ACTR5,79913,0,1,-1,-1,-6.658211483,6.44E-33,2.10E-30,23,2,2.5,1,0.166666667,1,0,0
ENSG00000101138,chr20,54965927,54967926,CSTF1,1477,0,1,-1,-1,-6.658211483,8.22E-18,5.75E-16,261,1,2,1,0.666666667,1,0,0
ENSG00000219626,chr2,24297896,24299895,FAM228B,375190,0,1,-1,-1,-6.658211483,6.44E-33,2.10E-30,23,1,2,0,0.333333333,1.666666667,0,0
ENSG00000115484,chr2,62115440,62117439,CCT4,10575,0,1,-1,-1,-6.658211483,6.44E-33,2.10E-30,23,1,2,0,0.333333333,1.666666667,0,0
ENSG00000271011,chr2,179440330,179442329,NA,NA,0,1,-1,-1,-6.658211483,6.44E-33,2.10E-30,23,1,2,0,0.333333333,2,0,0
ENSG00000231908,chr2,209118471,209120470,IDH1-AS1,100507475,0,1,-1,-1,-6.658211483,6.44E-33,2.10E-30,23,1,2,0,0.333333333,1.333333333,0,0
ENSG00000200432,chr2,128823874,128825873,NA,NA,0,1,-1,-1,-6.658211483,8.65E-20,1.38E-17,168,2,2,1,0.333333333,0.833333333,0,0
ENSG00000226785,chr2,34607355,34609354,NA,NA,0,1,-1,-1,-6.658211483,8.22E-18,5.75E-16,261,1,2,1,0.333333333,1,0,0
ENSG00000170264,chr2,62080779,62082778,FAM161A,84140,0,1,-1,-1,-6.658211483,8.22E-18,5.75E-16,261,1,2,1,0.333333333,1,0,0
ENSG00000135632,chr2,73439850,73441849,SMYD5,10322,0,1,-1,-1,-6.658211483,8.22E-18,5.75E-16,261,2,2.5,0.5,0.166666667,1.166666667,0,0
ENSG00000182814,chr2,84516306,84518305,FUNDC2P2,388965,0,1,-1,-1,-6.658211483,8.22E-18,5.75E-16,261,2,2.5,0.5,0.166666667,1.166666667,0,0
ENSG00000115446,chr2,99223542,99225541,UNC50,25972,0,1,-1,-1,-6.658211483,8.22E-18,5.75E-16,261,3,2.666666667,1,0.111111111,0.777777778,0,0
ENSG00000237745,chr2,108529904,108531903,NA,NA,0,1,-1,-1,-6.658211483,8.22E-18,5.75E-16,261,1,2,1,0.333333333,0.666666667,0,0
ENSG00000144120,chr2,120435243,120437242,TMEM177,80775,0,1,-1,-1,-6.658211483,8.22E-18,5.75E-16,261,2,2.5,1.5,0.333333333,0.833333333,0,0
ENSG00000230803,chr2,133051451,133053450,NA,NA,0,1,-1,-1,-6.658211483,8.22E-18,5.75E-16,261,1,2,1,0.333333333,0.666666667,0,0
ENSG00000200377,chr2,154302898,154304897,NA,NA,0,1,-1,-1,-6.658211483,8.22E-18,5.75E-16,261,1,2,1,0.333333333,1.666666667,0,0
ENSG00000226124,chr2,200715397,200717396,FTCDNL1,NA,0,1,-1,-1,-6.658211483,8.22E-18,5.75E-16,261,1,2,1,0.333333333,0.666666667,0,0
ENSG00000270664,chr2,203858417,203860416,NA,NA,0,1,-1,-1,-6.658211483,8.22E-18,5.75E-16,261,1,2,1,0.333333333,0.666666667,0,0
ENSG00000127838,chr2,219133615,219135614,PNKD,25953,0,1,-1,-1,-6.658211483,8.22E-18,5.75E-16,261,1,2,1,0.333333333,1.333333333,0,0
ENSG00000242515,chr2,234543600,234545599,UGT1A10,54575,0,1,-1,-1,-6.658211483,8.22E-18,5.75E-16,261,1,2,1,0.333333333,1.666666667,0,0
ENSG00000227744,chr2,239847466,239849465,NA,401039,0,1,-1,-1,-6.658211483,8.22E-18,5.75E-16,261,1,2,1,0.333333333,1.666666667,0,0
ENSG00000105371,chr19,10396143,10398142,ICAM4,3386,0,1,-1,-1,-6.658211483,6.44E-33,2.10E-30,23,1,2,0,0.333333333,1.666666667,0,0
ENSG00000184162,chr19,19313734,19315733,NR2C2AP,126382,0,1,-1,-1,-6.658211483,6.44E-33,2.10E-30,23,1,2,0,0.333333333,1.333333333,0,0
ENSG00000268696,chr19,23013503,23015502,ZNF723,NA,0,1,-1,-1,-6.658211483,6.44E-33,2.10E-30,23,1,2,0,0.333333333,1.333333333,0,0
ENSG00000267238,chr19,28886836,28888835,NA,NA,0,1,-1,-1,-6.658211483,5.63E-21,9.83E-19,130,1,1,2,0.666666667,0.666666667,0,0
ENSG00000127507,chr19,14888854,14890853,EMR2,30817,0,1,-1,-1,-6.658211483,8.22E-18,5.75E-16,261,1,2,1,0.666666667,0.666666667,0,0
ENSG00000266930,chr19,33368828,33370827,NA,NA,0,1,-1,-1,-6.658211483,8.22E-18,5.75E-16,261,1,2,1,0.333333333,1,0,0
ENSG00000126456,chr19,50168633,50170632,IRF3,3661,0,1,-1,-1,-6.658211483,8.22E-18,5.75E-16,261,1,2,1,0.333333333,1.333333333,0,0
ENSG00000171451,chr18,65183718,65185717,DSEL,92126,0,1,-1,-1,-6.658211483,6.44E-33,2.10E-30,23,1,2,0,0.333333333,1.666666667,0,0
ENSG00000201598,chr18,56471000,56472999,RNU6-219P,NA,0,1,-1,-1,-6.658211483,8.22E-18,5.75E-16,261,1,2,1,0.333333333,1,0,0
ENSG00000268503,chr17,7515764,7517763,NA,NA,0,1,-1,-1,-6.658211483,6.44E-33,2.10E-30,23,3,2.666666667,1.333333333,0.111111111,1,0,0
ENSG00000129214,chr17,7515882,7517881,SHBG,6462,0,1,-1,-1,-6.658211483,6.44E-33,2.10E-30,23,3,2.666666667,1.333333333,0.111111111,1,0,0
ENSG00000167536,chr17,27229590,27231589,DHRS13,147015,0,1,-1,-1,-6.658211483,8.22E-18,5.75E-16,261,3,2.666666667,1.666666667,0.111111111,0.444444444,0,0
ENSG00000167549,chr17,27949426,27951425,CORO6,84940,0,1,-1,-1,-6.658211483,8.22E-18,5.75E-16,261,1,2,1,0.333333333,1,0,0
ENSG00000228979,chr17,61547465,61549464,NA,NA,0,1,-1,-1,-6.658211483,8.22E-18,5.75E-16,261,1,2,1,0.333333333,0.666666667,0,0
ENSG00000224383,chr17,62074211,62076210,C17orf72,92340,0,1,-1,-1,-6.658211483,8.22E-18,5.75E-16,261,1,2,1,0.333333333,0.666666667,0,0
ENSG00000265991,chr16,30886145,30888144,MIR4519,100616231,0,1,-1,-1,-6.658211483,6.44E-33,2.10E-30,23,1,2,0,0.333333333,1.333333333,0,0
ENSG00000269186,chr16,86228287,86230286,LINC01082,100506542,0,1,-1,-1,-6.658211483,5.63E-21,9.83E-19,130,1,1,2,0.666666667,0.333333333,0,0
ENSG00000260431,chr16,5255589,5257588,NA,NA,0,1,-1,-1,-6.658211483,8.22E-18,5.75E-16,261,1,2,1,0.333333333,0.666666667,0,0
ENSG00000183426,chr16,15015159,15017158,NPIPA1,9284;642778;642799;101059938;101059953,0,1,-1,-1,-6.658211483,8.22E-18,5.75E-16,261,2,2.5,1,0.166666667,1,0,0
ENSG00000260688,chr16,48504545,48506544,NA,NA,0,1,-1,-1,-6.658211483,8.22E-18,5.75E-16,261,1,2,1,0.333333333,1,0,0
ENSG00000259330,chr15,40615917,40617916,LINC00984,NA,0,1,-1,-1,-6.658211483,6.44E-33,2.10E-30,23,2,2.5,1,0.166666667,0.666666667,0,0
ENSG00000092470,chr15,44117661,44119660,WDR76,79968,0,1,-1,-1,-6.658211483,6.44E-33,2.10E-30,23,2,2.5,0,0.166666667,1.666666667,0,0
ENSG00000229474,chr15,45003015,45005014,PATL2,197135,0,1,-1,-1,-6.658211483,6.44E-33,2.10E-30,23,1,2,0,0.333333333,1.666666667,0,0
ENSG00000166710,chr15,45002175,45004174,B2M,567,0,1,-1,-1,-6.658211483,6.44E-33,2.10E-30,23,1,2,0,0.333333333,1.666666667,0,0
ENSG00000270218,chr15,65316926,65318925,NA,NA,0,1,-1,-1,-6.658211483,6.44E-33,2.10E-30,23,1,2,0,0.333333333,1.666666667,0,0
ENSG00000138617,chr15,65592457,65594456,PARP16,54956,0,1,-1,-1,-6.658211483,6.44E-33,2.10E-30,23,1,2,0,0.333333333,1.666666667,0,0
ENSG00000259340,chr15,97093111,97095110,NA,NA,0,1,-1,-1,-6.658211483,6.44E-33,2.10E-30,23,1,2,0,0.333333333,2,0,0
ENSG00000166839,chr15,65202601,65204600,ANKDD1A,348094,0,1,-1,-1,-6.658211483,8.22E-18,5.75E-16,261,2,2.5,1,0.166666667,1,0,0
ENSG00000213578,chr15,75117388,75119387,CPLX3,594855,0,1,-1,-1,-6.658211483,8.22E-18,5.75E-16,261,1,2,1,0.333333333,1.666666667,0,0
ENSG00000167196,chr15,76194700,76196699,FBXO22,26263,0,1,-1,-1,-6.658211483,8.22E-18,5.75E-16,261,2,2.5,0.5,0.166666667,1.833333333,0,0
ENSG00000100865,chr14,102828754,102830753,CINP,51550,0,1,-1,-1,-6.658211483,6.44E-33,2.10E-30,23,1,2,0,0.333333333,2.333333333,0,0
ENSG00000196663,chr14,102827800,102829799,TECPR2,9895,0,1,-1,-1,-6.658211483,6.44E-33,2.10E-30,23,1,2,0,0.333333333,2.333333333,0,0
ENSG00000258850,chr14,42880276,42882275,NA,NA,0,1,-1,-1,-6.658211483,8.22E-18,5.75E-16,261,2,2.5,1.5,0.166666667,0.5,0,0
ENSG00000249163,chr14,45552681,45554680,NA,NA,0,1,-1,-1,-6.658211483,8.22E-18,5.75E-16,261,1,2,1,0.333333333,1,0,0
ENSG00000185246,chr14,45551802,45553801,PRPF39,55015,0,1,-1,-1,-6.658211483,8.22E-18,5.75E-16,261,1,2,1,0.333333333,1,0,0
ENSG00000258381,chr14,49287063,49289062,NA,NA,0,1,-1,-1,-6.658211483,8.22E-18,5.75E-16,261,1,2,1,0.333333333,0.666666667,0,0
ENSG00000165502,chr14,50086904,50088903,RPL36AL,6166,0,1,-1,-1,-6.658211483,8.22E-18,5.75E-16,261,1,2,1,0.333333333,1,0,0
ENSG00000258603,chr14,74100145,74102144,NA,NA,0,1,-1,-1,-6.658211483,8.22E-18,5.75E-16,261,2,2.5,1.5,0.166666667,0.833333333,0,0
ENSG00000230997,chr14,90356632,90358631,RAB42P1,NA,0,1,-1,-1,-6.658211483,8.22E-18,5.75E-16,261,1,2,1,0.333333333,1.666666667,0,0
ENSG00000269376,chr13,113662485,113664484,NA,NA,0,1,-1,-1,-6.658211483,6.44E-33,2.10E-30,23,1,2,0,0.333333333,1.333333333,0,0
ENSG00000174418,chr13,107076621,107078620,RPL35P9,NA,0,1,-1,-1,-6.658211483,8.22E-18,5.75E-16,261,1,2,1,0.333333333,1.333333333,0,0
ENSG00000256843,chr12,31900675,31902674,NA,NA,0,1,-1,-1,-6.658211483,6.44E-33,2.10E-30,23,2,2.5,0.5,0.166666667,1.5,0,0
ENSG00000185046,chr12,100377933,100379932,ANKS1B,56899,0,1,-1,-1,-6.658211483,6.44E-33,2.10E-30,23,1,2,0,0.333333333,2.333333333,0,0
ENSG00000136052,chr12,105352023,105354022,SLC41A2,84102,0,1,-1,-1,-6.658211483,6.44E-33,2.10E-30,23,1,2,0,0.333333333,2,0,0
ENSG00000256092,chr12,123846915,123848914,NA,100293704;102466877,0,1,-1,-1,-6.658211483,6.44E-33,2.10E-30,23,1,2,0,0.333333333,1.666666667,0,0
ENSG00000255910,chr12,19926885,19928884,NA,NA,0,1,-1,-1,-6.658211483,8.22E-18,5.75E-16,261,1,2,1,0.333333333,1,0,0
ENSG00000242041,chr12,50255456,50257455,NA,NA,0,1,-1,-1,-6.658211483,8.22E-18,5.75E-16,261,2,2.5,1.5,0.166666667,0.666666667,0,0
ENSG00000135454,chr12,58026639,58028638,B4GALNT1,2583,0,1,-1,-1,-6.658211483,8.22E-18,5.75E-16,261,1,2,1,0.333333333,0.666666667,0,0
ENSG00000257557,chr12,80327181,80329180,NA,101928294,0,1,-1,-1,-6.658211483,8.22E-18,5.75E-16,261,2,2.5,1,0.166666667,0.833333333,0,0
ENSG00000242963,chr12,130701203,130703202,NA,NA,0,1,-1,-1,-6.658211483,8.22E-18,5.75E-16,261,1,2,1,0.333333333,0.666666667,0,0
ENSG00000255480,chr11,30445599,30447598,NA,NA,0,1,-1,-1,-6.658211483,8.22E-18,5.75E-16,261,1,2,1,0.333333333,0.666666667,0,0
ENSG00000240371,chr11,57344054,57346053,RPS4XP13,NA,0,1,-1,-1,-6.658211483,8.22E-18,5.75E-16,261,1,2,1,0.333333333,1,0,0
ENSG00000168002,chr11,62527516,62529515,POLR2G,5436,0,1,-1,-1,-6.658211483,8.22E-18,5.75E-16,261,2,2.5,1.5,0.166666667,0.833333333,0,0
ENSG00000255143,chr11,69973903,69975902,NA,NA,0,1,-1,-1,-6.658211483,8.22E-18,5.75E-16,261,1,2,1,0.333333333,1.333333333,0,0
ENSG00000175582,chr11,73471683,73473682,RAB6A,5870;150786,0,1,-1,-1,-6.658211483,8.22E-18,5.75E-16,261,1,2,1,0.333333333,0.666666667,0,0
ENSG00000231611,chr11,116646093,116648092,NA,NA,0,1,-1,-1,-6.658211483,8.22E-18,5.75E-16,261,1,2,1,0.333333333,0.666666667,0,0
ENSG00000219932,chr10,69632590,69634589,RPL12P8,NA,0,1,-1,-1,-6.658211483,8.22E-18,5.75E-16,261,2,2.5,0.5,0.166666667,1.5,0,0
ENSG00000271933,chr10,85899839,85901838,NA,NA,0,1,-1,-1,-6.658211483,8.22E-18,5.75E-16,261,1,2,1,0.333333333,1,0,0
ENSG00000225519,chr10,92752877,92754876,NA,NA,0,1,-1,-1,-6.658211483,8.22E-18,5.75E-16,261,1,2,1,0.333333333,0.666666667,0,0
ENSG00000107560,chr10,119805615,119807614,RAB11FIP2,22841,0,1,-1,-1,-6.658211483,8.22E-18,5.75E-16,261,1,2,1,0.666666667,0.666666667,0,0
ENSG00000177640,chr10,119804290,119806289,CASC2,255082,0,1,-1,-1,-6.658211483,8.22E-18,5.75E-16,261,1,2,1,0.666666667,0.666666667,0,0
ENSG00000116353,chr1,29556955,29558954,MECR,51102,0,1,-1,-1,-6.658211483,6.44E-33,2.10E-30,23,1,2,0,0.333333333,1.333333333,0,0
ENSG00000223263,chr1,67881397,67883396,RNU6-387P,NA,0,1,-1,-1,-6.658211483,6.44E-33,2.10E-30,23,1,2,0,0.333333333,1.333333333,0,0
ENSG00000137936,chr1,94312207,94314206,BCAR3,8412,0,1,-1,-1,-6.658211483,6.44E-33,2.10E-30,23,2,2.5,0.5,0.166666667,1.333333333,0,0
ENSG00000085491,chr1,108742972,108744971,SLC25A24,29957,0,1,-1,-1,-6.658211483,6.44E-33,2.10E-30,23,1,2,0,0.333333333,1,0,0
ENSG00000260879,chr1,108741048,108743047,NA,NA,0,1,-1,-1,-6.658211483,6.44E-33,2.10E-30,23,3,2.666666667,1,0.111111111,0.666666667,0,0
ENSG00000134253,chr1,117664710,117666709,TRIM45,80263,0,1,-1,-1,-6.658211483,6.44E-33,2.10E-30,23,3,2.666666667,1.333333333,0.111111111,0.777777778,0,0
ENSG00000227751,chr1,17731756,17733755,NA,NA,0,1,-1,-1,-6.658211483,8.22E-18,5.75E-16,261,1,2,1,0.333333333,1.333333333,0,0
ENSG00000189280,chr1,35219148,35221147,GJB5,2709,0,1,-1,-1,-6.658211483,8.22E-18,5.75E-16,261,1,2,1,0.333333333,0.666666667,0,0
ENSG00000225359,chr1,181159786,181161785,NA,NA,0,1,-1,-1,-6.658211483,8.22E-18,5.75E-16,261,1,2,1,0.333333333,1,0,0
ENSG00000238754,chr1,193026046,193028045,NA,NA,0,1,-1,-1,-6.658211483,8.22E-18,5.75E-16,261,2,2.5,1.5,0.166666667,2,0,0.5
ENSG00000116747,chr1,193027052,193029051,TROVE2,6738,0,1,-1,-1,-6.658211483,8.22E-18,5.75E-16,261,1,2,1,0.333333333,3.666666667,0,1
ENSG00000188783,chr1,203443456,203445455,PRELP,5549,0,1,-1,-1,-6.658211483,8.22E-18,5.75E-16,261,1,2,1,0.333333333,1.333333333,0,0
ENSG00000236101,chr1,234162474,234164473,RAC1P7,NA,0,1,-1,-1,-6.658211483,8.22E-18,5.75E-16,261,1,2,1,0.333333333,0.666666667,0,0