id,Chromosome,Start,End,mean.mean.HSC,mean.mean.MPP,Difference,mean.mean.diff,mean.mean.quot.log2,comb.p.val,comb.p.adj.fdr,combinedRank,num.sites,mean.num.na.HSC,mean.num.na.MPP,mean.mean.covg.HSC,mean.mean.covg.MPP,mean.nsamples.covg.thres5.HSC,mean.nsamples.covg.thres5.MPP
240473,chr2,236366600,236368200,1,0,1,1,6.658211483,3.22787E-49,1.09525E-44,1,1,0,1,1,0.666666667,0,0
76589,chr1,117929000,117929800,1,0,1,1,6.658211483,1.54211E-33,1.7214E-30,12,1,2,0,0.333333333,1.333333333,0,0
144952,chr2,3368800,3369600,1,0,1,1,6.658211483,1.54211E-33,1.7214E-30,12,1,2,0,0.333333333,1,0,0
290196,chr3,129296800,129297200,1,0,1,1,6.658211483,6.44299E-33,1.7214E-30,36,1,0,2,1.333333333,0.333333333,0,0
290259,chr3,129343200,129345000,1,0,1,1,6.658211483,1.54211E-33,1.7214E-30,12,1,2,0,0.333333333,2,0,0
340958,chr4,75277200,75277400,1,0,1,1,6.658211483,1.54211E-33,1.7214E-30,12,1,2,0,0.333333333,1,0,0
449728,chr6,13272400,13273400,1,0,1,1,6.658211483,1.54211E-33,1.7214E-30,12,1,2,0,0.333333333,1.333333333,0,0
751031,chr10,22506400,22506600,1,0,1,1,6.658211483,1.54211E-33,1.7214E-30,12,1,2,0,0.333333333,1.333333333,0,0
967907,chr14,93787600,93787800,1,0,1,1,6.658211483,1.54211E-33,1.7214E-30,12,1,2,0,0.333333333,2,0,0
967908,chr14,93787800,93788200,1,0,1,1,6.658211483,1.54211E-33,1.7214E-30,12,1,2,0,0.333333333,2,0,0
974687,chr14,105842800,105843600,1,0,1,1,6.658211483,1.54211E-33,1.7214E-30,12,1,2,0,0.333333333,2.666666667,0,1
1058395,chr16,67841600,67841800,1,0,1,1,6.658211483,1.54211E-33,1.7214E-30,12,1,2,0,0.333333333,2.333333333,0,0
1120685,chr17,65154800,65155200,1,0,1,1,6.658211483,1.54211E-33,1.7214E-30,12,1,2,0,0.333333333,2,0,0
1254826,chr21,45258200,45258400,1,0,1,1,6.658211483,6.44299E-33,1.7214E-30,36,1,0,2,1.333333333,0.333333333,0,0
1278610,chr22,50200000,50200200,1,0,1,1,6.658211483,1.54211E-33,1.7214E-30,12,1,2,0,0.333333333,3,0,1
68947,chr1,109371000,109371200,1,0,1,1,6.658211483,5.63029E-21,7.58101E-19,194,1,2,1,0.333333333,0.666666667,0,0
85367,chr1,154461200,154462600,1,0,1,1,6.658211483,5.63029E-21,7.58101E-19,194,1,2,1,0.333333333,1,0,0
201320,chr2,121695000,121696400,1,0,1,1,6.658211483,5.63029E-21,7.58101E-19,194,1,2,1,1,0.666666667,0,0
234793,chr2,219284400,219285400,1,0,1,1,6.658211483,5.63029E-21,7.58101E-19,194,1,2,1,0.666666667,0.666666667,0,0
253124,chr3,13933000,13933600,1,0,1,1,6.658211483,5.63029E-21,7.58101E-19,194,1,2,1,0.333333333,1.333333333,0,0
256595,chr3,20008600,20009600,1,0,1,1,6.658211483,5.63029E-21,7.58101E-19,194,1,2,1,0.333333333,1,0,0
296010,chr3,142947000,142948400,1,0,1,1,6.658211483,5.63029E-21,7.58101E-19,194,1,2,1,0.333333333,1,0,0
309012,chr3,184468400,184469200,1,0,1,1,6.658211483,5.63029E-21,7.58101E-19,194,1,2,1,0.666666667,1,0,0
313023,chr3,194270600,194271400,1,0,1,1,6.658211483,5.63029E-21,7.58101E-19,194,1,2,1,0.333333333,1.666666667,0,0
314806,chr3,195907400,195908000,1,0,1,1,6.658211483,5.63029E-21,7.58101E-19,194,1,2,1,0.333333333,0.666666667,0,0
373573,chr5,1539600,1540000,1,0,1,1,6.658211483,5.63029E-21,7.58101E-19,194,1,2,1,0.666666667,0.666666667,0,0
438368,chr5,180591200,180591400,1,0,1,1,6.658211483,5.63029E-21,7.58101E-19,194,1,2,1,0.333333333,1.333333333,0,0
442013,chr6,2908800,2909200,1,0,1,1,6.658211483,5.63029E-21,7.58101E-19,194,1,2,1,0.333333333,2,0,0
445987,chr6,7073600,7074000,1,0,1,1,6.658211483,5.63029E-21,7.58101E-19,194,1,2,1,0.333333333,1,0,0
465982,chr6,34523400,34524800,1,0,1,1,6.658211483,5.63029E-21,7.58101E-19,194,1,2,1,0.333333333,0.666666667,0,0
473348,chr6,42110400,42111200,1,0,1,1,6.658211483,5.63029E-21,7.58101E-19,194,1,2,1,0.333333333,0.666666667,0,0
528404,chr7,2997600,2998000,1,0,1,1,6.658211483,5.63029E-21,7.58101E-19,194,1,2,1,0.333333333,0.666666667,0,0
534806,chr7,20371000,20371200,1,0,1,1,6.658211483,5.63029E-21,7.58101E-19,194,1,2,1,0.333333333,0.666666667,0,0
546231,chr7,43826200,43826800,1,0,1,1,6.658211483,5.63029E-21,7.58101E-19,194,1,2,1,0.333333333,1.333333333,0,0
584245,chr7,129433400,129433600,1,0,1,1,6.658211483,5.63029E-21,7.58101E-19,194,1,2,1,0.333333333,1.333333333,0,0
612610,chr8,9034600,9035000,1,0,1,1,6.658211483,5.63029E-21,7.58101E-19,194,1,2,1,0.333333333,1,0,0
654216,chr8,126429600,126430400,1,0,1,1,6.658211483,5.63029E-21,7.58101E-19,194,1,2,1,0.333333333,0.666666667,0,0
689221,chr9,111897200,111898000,1,0,1,1,6.658211483,5.63029E-21,7.58101E-19,194,1,2,1,0.333333333,1.333333333,0,0
807232,chr11,9552200,9552400,1,0,1,1,6.658211483,5.63029E-21,7.58101E-19,194,1,2,1,0.333333333,1,0,0
825234,chr11,59447800,59448400,1,0,1,1,6.658211483,5.63029E-21,7.58101E-19,194,1,2,1,0.333333333,0.666666667,0,0
831324,chr11,66150200,66150600,1,0,1,1,6.658211483,5.63029E-21,7.58101E-19,194,1,2,1,0.333333333,1.666666667,0,0
840729,chr11,75801000,75801400,1,0,1,1,6.658211483,5.63029E-21,7.58101E-19,194,1,2,1,0.333333333,1.666666667,0,0
918040,chr12,123736800,123737400,1,0,1,1,6.658211483,5.63029E-21,7.58101E-19,194,1,2,1,0.333333333,0.666666667,0,0
1046107,chr16,29284800,29287400,1,0,1,1,6.658211483,5.63029E-21,7.58101E-19,194,1,2,1,0.333333333,1.333333333,0,0
1055546,chr16,57892800,57893000,1,0,1,1,6.658211483,5.63029E-21,7.58101E-19,194,1,2,1,0.333333333,0.666666667,0,0
1095194,chr17,33358800,33359200,1,0,1,1,6.658211483,5.63029E-21,7.58101E-19,194,1,2,1,0.333333333,0.666666667,0,0
1098266,chr17,36811800,36814200,1,0,1,1,6.658211483,5.63029E-21,7.58101E-19,194,1,2,1,0.333333333,0.666666667,0,0
1109311,chr17,47857600,47858200,1,0,1,1,6.658211483,5.63029E-21,7.58101E-19,194,1,2,1,0.333333333,1,0,0
1110362,chr17,48787400,48788600,1,0,1,1,6.658211483,5.63029E-21,7.58101E-19,194,1,2,1,0.333333333,1,0,0
1128844,chr17,76275600,76276600,1,0,1,1,6.658211483,5.63029E-21,7.58101E-19,194,1,2,1,0.333333333,0.666666667,0,0
1132130,chr17,79274000,79274400,1,0,1,1,6.658211483,5.63029E-21,7.58101E-19,194,1,2,1,0.333333333,1.333333333,0,0
1172291,chr19,13094600,13095000,1,0,1,1,6.658211483,5.63029E-21,7.58101E-19,194,1,2,1,0.333333333,0.666666667,0,0
1175567,chr19,16263000,16263800,1,0,1,1,6.658211483,5.63029E-21,7.58101E-19,194,1,2,1,0.333333333,0.666666667,0,0
1178102,chr19,18396600,18397800,1,0,1,1,6.658211483,5.63029E-21,7.58101E-19,194,2,2.5,1,0.166666667,0.666666667,0,0
1179269,chr19,19514000,19514800,1,0,1,1,6.658211483,5.63029E-21,7.58101E-19,194,1,2,1,0.333333333,1.333333333,0,0
1199181,chr19,50643000,50644000,1,0,1,1,6.658211483,5.63029E-21,7.58101E-19,194,1,2,1,0.333333333,0.666666667,0,0
1246811,chr21,35342200,35345200,1,0,1,1,6.658211483,5.63029E-21,7.58101E-19,194,1,2,1,0.333333333,1,0,0
1279003,chr22,50622400,50623000,1,0,1,1,6.658211483,5.63029E-21,7.58101E-19,194,1,2,1,0.333333333,1,0,0
1077681,chr17,2689800,2690000,1,0,1,1,6.658211483,8.65494E-20,1.03405E-17,284,2,1,2,0.833333333,0.333333333,0,0
138626,chr1,245083800,245084400,1,0,1,1,6.658211483,8.22374E-18,4.81103E-16,360,1,1,2,0.666666667,0.333333333,0,0
315478,chr3,196500600,196501000,1,0,1,1,6.658211483,8.22374E-18,4.81103E-16,360,1,1,2,1,0.333333333,0,0
444123,chr6,4889200,4889400,1,0,1,1,6.658211483,8.22374E-18,4.81103E-16,360,1,1,2,0.666666667,0.333333333,0,0
517496,chr6,160386600,160388000,1,0,1,1,6.658211483,8.22374E-18,4.81103E-16,360,1,1,2,1,0.333333333,0,0
871396,chr12,14410400,14411800,1,0,1,1,6.658211483,8.22374E-18,4.81103E-16,360,1,1,2,0.666666667,0.333333333,0,0
919257,chr12,124871200,124871600,1,0,1,1,6.658211483,8.22374E-18,4.81103E-16,360,1,1,2,1,0.666666667,0,0
929349,chr13,30982200,30982800,1,0,1,1,6.658211483,8.22374E-18,4.81103E-16,360,1,1,2,0.666666667,0.333333333,0,0
939623,chr13,95619600,95620000,1,0,1,1,6.658211483,8.22374E-18,4.81103E-16,360,1,1,2,0.666666667,0.333333333,0,0
973045,chr14,103823400,103825200,1,0,1,1,6.658211483,8.22374E-18,4.81103E-16,360,1,1,2,0.666666667,0.333333333,0,0
974427,chr14,105532000,105534000,1,0,1,1,6.658211483,8.22374E-18,4.81103E-16,360,1,1,2,0.666666667,0.333333333,0,0
1013045,chr15,82325800,82326200,1,0,1,1,6.658211483,8.22374E-18,4.81103E-16,360,1,1,2,0.666666667,0.333333333,0,0
1047073,chr16,30506200,30507000,1,0,1,1,6.658211483,8.22374E-18,4.81103E-16,360,1,1,2,0.666666667,0.333333333,0,0
1073775,chr16,89231400,89232400,1,0,1,1,6.658211483,8.22374E-18,4.81103E-16,360,1,1,2,0.666666667,0.333333333,0,0
1077682,chr17,2690000,2690200,1,0,1,1,6.658211483,8.22374E-18,4.81103E-16,360,1,1,2,0.666666667,0.333333333,0,0
1125626,chr17,73507600,73507800,1,0,1,1,6.658211483,8.22374E-18,4.81103E-16,360,1,1,2,0.666666667,1.333333333,0,0
1131747,chr17,78960800,78962400,1,0,1,1,6.658211483,8.22374E-18,4.81103E-16,360,2,1.5,2.5,0.666666667,0.166666667,0,0
1135859,chr18,1852200,1852400,1,0,1,1,6.658211483,8.22374E-18,4.81103E-16,360,1,1,2,1,0.333333333,0,0
1193703,chr19,45716400,45716800,1,0,1,1,6.658211483,8.22374E-18,4.81103E-16,360,1,1,2,0.666666667,0.333333333,0,0
1204585,chr19,56114800,56115400,1,0,1,1,6.658211483,8.22374E-18,4.81103E-16,360,1,1,2,0.666666667,0.666666667,0,0
1208880,chr20,3117600,3117800,1,0,1,1,6.658211483,8.22374E-18,4.81103E-16,360,1,1,2,0.666666667,0.333333333,0,0
147142,chr2,9473600,9474200,1,0.125,0.875,0.875,4.307991624,1.21481E-19,1.44631E-17,1276,2,0.5,1,0.833333333,1.333333333,0,0
316038,chr3,197030200,197030600,1,0.166666667,0.833333333,1,6.658211483,4.78878E-33,1.7214E-30,32,2,2,0.5,0.5,1.166666667,0,0
435033,chr5,176741000,176743400,1,0.172222222,0.827777778,0.655555556,1.51072387,0.000139754,0.004215113,2381,2,2,1,0.333333333,1.833333333,0,0.5
1073280,chr16,88700200,88700600,1,0.1875,0.8125,0.8125,4.024818212,8.4368E-20,1.01155E-17,1349,2,2,0.5,0.333333333,2,0,0
1137901,chr18,6781400,6781600,1,0.208333333,0.791666667,0.791666667,3.515773868,8.93073E-09,3.34838E-07,1417,3,2,0.666666667,0.333333333,1.444444444,0,0
458853,chr6,27235600,27236200,0.75,0,0.75,0.75,6.165318412,2.94392E-30,5.45848E-28,782,2,2,0.5,0.5,1.5,0,0
1046332,chr16,29663800,29665800,1,0.25,0.75,0.5,0.985786141,1.71795E-17,9.00955E-16,2686,2,2,2,0.333333333,1,0,0
666807,chr9,5851400,5851800,0.75,0,0.75,0.75,6.165318412,2.17073E-10,9.26479E-09,792,2,1,1.5,1,0.833333333,0,0
667236,chr9,7055800,7056000,1,0.3125,0.6875,1,6.658211483,8.22374E-18,4.81103E-16,360,2,2,1.5,0.333333333,1,0,0
1132237,chr17,79361800,79363000,1,0.333333333,0.666666667,1,6.658211483,5.63029E-21,7.58101E-19,194,3,2.666666667,1.333333333,0.111111111,0.888888889,0,0
697433,chr9,127838000,127838800,0.666666667,0,0.666666667,0.666666667,6.080373416,1.10532E-20,1.44597E-18,1006,1,2,1,1,0.666666667,0,0
50767,chr1,53512600,53514200,1,0.333333333,0.666666667,0.666666667,1.556673456,8.4786E-19,9.07531E-17,2288,1,2,1,0.333333333,2,0,0
907844,chr12,111234600,111235200,1,0.333333333,0.666666667,0.666666667,1.556673456,1.61445E-17,9.00955E-16,2288,1,1,2,0.666666667,1,0,0
528152,chr7,2758000,2758600,1,0.333333333,0.666666667,0.5,3.329105741,4.86135E-12,2.20817E-10,1436,3,2.333333333,0.666666667,0.222222222,1.666666667,0,0
1239260,chr20,62409400,62410200,1,0.333333333,0.666666667,0.5,3.329105741,5.93188E-12,2.66236E-10,1436,3,2,1.333333333,0.333333333,1.222222222,0,0.333333333
1203415,chr19,55083400,55083800,0.75,0.125,0.625,0.625,3.815098553,4.82666E-12,2.19535E-10,1372,2,1.5,1,0.666666667,1,0,0
1047555,chr16,31005800,31006000,1,0.375,0.625,0.625,1.391424942,0.001719252,0.03409464,2427,1,1,1,0.666666667,2.666666667,0,0
127797,chr1,227125600,227127000,1,0.4,0.6,0.6,1.300659478,1.6559E-17,9.00955E-16,2486,1,1,2,0.666666667,1.666666667,0,1
31110,chr1,31588400,31589000,1,0.416666667,0.583333333,1,6.658211483,4.78878E-33,1.7214E-30,32,2,2,0.5,0.5,1.333333333,0,0
800228,chr11,307600,307800,1,0.416666667,0.583333333,0.333333333,2.219403828,2.36545E-13,1.13525E-11,3248,9,2.333333333,1.111111111,0.222222222,0.703703704,0,0
9476,chr1,9834600,9835200,1,0.416666667,0.583333333,0.583333333,1.243173983,0.000689831,0.014185843,2523,1,1,1,1,1.666666667,0,0
666935,chr9,6412400,6412600,1,0.418128655,0.581871345,0.5,1.739356307,3.31742E-05,0.001040255,2205,19,2.684210526,0.947368421,0.105263158,0.98245614,0,0
200404,chr2,120580600,120581200,1,0.444444444,0.555555556,0.555555556,2.73829498,2.77673E-13,1.32514E-11,1771,3,1.333333333,1.666666667,0.666666667,1,0,0
829833,chr11,64701000,64703200,1,0.458333333,0.541666667,1,6.658211483,5.63029E-21,7.58101E-19,194,2,2.5,0.5,0.166666667,2,0,0.5
1254783,chr21,45225200,45226000,1,0.5,0.5,0.5,0.985786141,7.79683E-48,5.29108E-44,2686,1,0,1,1,1.333333333,0,0
1075438,chr17,234800,235000,0.5,0,0.5,0.5,5.672425342,6.443E-33,1.7214E-30,1120,1,2,0,0.666666667,1.333333333,0,0
1164491,chr19,4871200,4872400,1,0.5,0.5,0.5,0.985786141,2.34282E-33,1.7214E-30,2686,1,1,1,0.666666667,1.333333333,0,0
1167787,chr19,8097600,8099800,1,0.5,0.5,0.5,0.985786141,2.34282E-33,1.7214E-30,2686,1,1,1,0.666666667,1.333333333,0,0
1178241,chr19,18518800,18519400,1,0.5,0.5,0.5,0.985786141,2.34282E-33,1.7214E-30,2686,1,1,1,0.666666667,1.333333333,0,0
1213434,chr20,23118800,23120200,1,0.5,0.5,0.5,0.985786141,2.34282E-33,1.7214E-30,2686,1,1,1,1,1.333333333,0,0
242815,chr2,240736000,240736400,1,0.5,0.5,0.5,0.985786141,2.6919E-32,5.56945E-30,2686,1,0,2,1,0.666666667,0,0
1164809,chr19,5125400,5125800,1,0.5,0.5,0.5,3.329105741,4.68833E-28,8.55268E-26,1436,2,1.5,0,0.666666667,2.166666667,0,0
1069244,chr16,84557800,84558000,1,0.5,0.5,1,6.658211483,5.63029E-21,7.58101E-19,194,2,2.5,1.5,0.166666667,0.833333333,0,0
1132445,chr17,79608800,79610000,0.5,0,0.5,1,6.658211483,5.63029E-21,7.58101E-19,194,3,2,1.666666667,0.333333333,0.444444444,0,0
1172322,chr19,13117400,13118000,0.5,0,0.5,1,6.658211483,5.63029E-21,7.58101E-19,194,2,2,2,0.333333333,0.5,0,0
1025255,chr16,706600,707200,0.5,0,0.5,0.5,3.329105741,7.19523E-21,9.64985E-19,1436,2,2,0.5,0.333333333,1.333333333,0,0
71860,chr1,112204800,112205000,1,0.5,0.5,0.5,0.985786141,1.17618E-20,1.44597E-18,2686,1,2,1,0.333333333,1.333333333,0,0
288638,chr3,127456600,127457800,0.5,0,0.5,0.5,5.672425342,1.17618E-20,1.44597E-18,1120,1,2,1,0.666666667,1,0,0
327038,chr4,13527400,13527600,0.5,0,0.5,0.5,5.672425342,1.17618E-20,1.44597E-18,1120,1,2,1,0.666666667,1.333333333,0,0
840289,chr11,75266000,75266800,1,0.5,0.5,0.5,0.985786141,1.17618E-20,1.44597E-18,2686,1,2,1,0.333333333,1.333333333,0,0
904289,chr12,107094200,107094600,1,0.5,0.5,0.5,0.985786141,1.17618E-20,1.44597E-18,2686,1,2,1,0.333333333,1.333333333,0,0
1040203,chr16,20941000,20941400,0.5,0,0.5,0.5,5.672425342,1.17618E-20,1.44597E-18,1120,1,2,1,0.666666667,0.666666667,0,0
1087576,chr17,21043400,21043800,0.5,0,0.5,0.5,5.672425342,1.17618E-20,1.44597E-18,1120,1,2,1,0.666666667,2.333333333,0,0
1094577,chr17,32256200,32257000,1,0.5,0.5,0.5,0.985786141,1.17618E-20,1.44597E-18,2686,1,2,1,0.333333333,1.333333333,0,0
1117962,chr17,61677200,61677400,0.5,0,0.5,0.5,5.672425342,1.17618E-20,1.44597E-18,1120,1,2,1,0.666666667,1,0,0
1126585,chr17,74273400,74273800,1,0.5,0.5,0.5,0.985786141,1.17618E-20,1.44597E-18,2686,1,2,1,0.333333333,1.333333333,0,0
665139,chr9,95400,95600,0.75,0.25,0.5,0.5,3.329105741,9.53759E-19,9.74759E-17,1436,2,1,1,0.666666667,0.666666667,0,0
5769,chr1,6325000,6325600,1,0.5,0.5,1,6.658211483,8.22374E-18,4.81103E-16,360,2,2,1.5,0.666666667,0.5,0,0
1177666,chr19,18092800,18093800,1,0.5,0.5,1,6.658211483,8.22374E-18,4.81103E-16,360,2,2,1.5,0.5,0.666666667,0,0
1188376,chr19,39693800,39695000,1,0.5,0.5,1,6.658211483,8.22374E-18,4.81103E-16,360,2,2,1.5,0.333333333,0.5,0,0
20895,chr1,21967400,21967800,1,0.5,0.5,0.5,0.985786141,1.71795E-17,9.00955E-16,2686,1,1,2,1.333333333,0.666666667,0,0
84937,chr1,153955400,153955600,1,0.5,0.5,0.5,0.985786141,1.71795E-17,9.00955E-16,2686,1,1,2,0.666666667,0.666666667,0,0
161416,chr2,33242400,33243400,1,0.5,0.5,0.5,0.985786141,1.71795E-17,9.00955E-16,2686,1,1,2,0.666666667,0.666666667,0,0
169158,chr2,47618800,47619200,1,0.5,0.5,0.5,0.985786141,1.71795E-17,9.00955E-16,2686,1,1,2,1.666666667,0.666666667,0,0
375489,chr5,5558600,5559200,1,0.5,0.5,0.5,0.985786141,1.71795E-17,9.00955E-16,2686,2,2,1.5,0.666666667,0.666666667,0,0
413318,chr5,132585600,132585800,1,0.5,0.5,0.5,0.985786141,1.71795E-17,9.00955E-16,2686,1,1,2,1,0.666666667,0,0
444392,chr6,5103400,5104200,1,0.5,0.5,0.5,0.985786141,1.71795E-17,9.00955E-16,2686,1,1,2,1,0.666666667,0,0
526108,chr7,898200,898400,1,0.5,0.5,0.5,0.985786141,1.71795E-17,9.00955E-16,2686,1,1,2,1.666666667,0.666666667,0,0
564352,chr7,95869200,95870400,1,0.5,0.5,0.5,0.985786141,1.71795E-17,9.00955E-16,2686,1,1,2,0.666666667,0.666666667,0,0
575695,chr7,107724800,107725200,1,0.5,0.5,0.5,0.985786141,1.71795E-17,9.00955E-16,2686,1,1,2,0.666666667,0.666666667,0,0
888095,chr12,57373400,57373800,1,0.5,0.5,0.5,0.985786141,1.71795E-17,9.00955E-16,2686,1,1,2,1.333333333,0.666666667,0,0
915062,chr12,120911400,120912800,1,0.5,0.5,0.5,0.985786141,1.71795E-17,9.00955E-16,2686,1,1,2,0.666666667,0.666666667,0,0
961876,chr14,74408400,74409000,1,0.5,0.5,0.5,0.985786141,1.71795E-17,9.00955E-16,2686,1,1,2,0.666666667,0.666666667,0,0
1038776,chr16,18927400,18930000,1,0.5,0.5,0.5,0.985786141,1.71795E-17,9.00955E-16,2686,1,1,2,2,0.666666667,1,0
1094583,chr17,32261400,32262000,1,0.5,0.5,0.5,0.985786141,1.71795E-17,9.00955E-16,2686,1,1,2,0.666666667,0.666666667,0,0
1100086,chr17,38479800,38481400,1,0.5,0.5,0.5,0.985786141,1.71795E-17,9.00955E-16,2686,2,1.5,2.5,0.5,0.333333333,0,0
1139657,chr18,9285000,9285200,1,0.5,0.5,0.5,0.985786141,1.71795E-17,9.00955E-16,2686,1,1,2,0.666666667,0.666666667,0,0
1142170,chr18,12616400,12616600,1,0.5,0.5,0.5,0.985786141,1.71795E-17,9.00955E-16,2686,1,1,2,0.666666667,0.666666667,0,0
1167104,chr19,7472800,7474000,1,0.5,0.5,0.5,0.985786141,1.71795E-17,9.00955E-16,2686,1,1,2,0.666666667,0.666666667,0,0
1167109,chr19,7482600,7483000,1,0.5,0.5,0.5,0.985786141,1.71795E-17,9.00955E-16,2686,1,1,2,0.666666667,1.333333333,0,0
1187892,chr19,39297200,39298200,1,0.5,0.5,0.5,0.985786141,1.71795E-17,9.00955E-16,2686,1,1,2,0.666666667,1.333333333,0,0
1230049,chr20,48669200,48670200,1,0.5,0.5,0.5,0.985786141,1.71795E-17,9.00955E-16,2686,1,1,2,0.666666667,0.666666667,0,0
1238217,chr20,61372400,61372600,1,0.5,0.5,0.5,0.985786141,1.71795E-17,9.00955E-16,2686,1,1,2,0.666666667,0.666666667,0,0
594291,chr7,139937800,139939000,0.5,0,0.5,0.5,3.329105741,3.87723E-12,1.77542E-10,1436,2,2,0.5,0.333333333,1.833333333,0,0
114791,chr1,205175600,205177600,1,0.5,0.5,0.5,3.329105741,4.22854E-12,1.92848E-10,1436,2,2,1,0.5,1,0,0
1080916,chr17,7110400,7112000,1,0.5,0.5,0.5,3.329105741,5.93188E-12,2.66236E-10,1436,2,2,1.5,0.333333333,0.5,0,0
1125696,chr17,73569000,73569600,1,0.5,0.5,0.5,3.329105741,2.54079E-10,1.06434E-08,1436,2,1,2,0.666666667,0.333333333,0,0
839332,chr11,74405000,74405600,1,0.5,0.5,0.5,3.329105741,2.92068E-10,1.19544E-08,1436,2,1.5,1,0.833333333,0.833333333,0,0
557055,chr7,73619200,73619800,1,0.5,0.5,0.5,3.329105741,3.56325E-10,1.42576E-08,1436,2,0.5,1,0.833333333,0.833333333,0,0
1157209,chr18,74504000,74504400,1,0.5,0.5,0.5,3.329105741,3.56325E-10,1.42576E-08,1436,2,0.5,1,1.666666667,1.333333333,0,0.5
1273959,chr22,42809600,42810600,1,0.5,0.5,0.5,3.329105741,3.56325E-10,1.42576E-08,1436,2,1.5,2,1,0.5,0,0
830291,chr11,65131600,65133600,1,0.5,0.5,0.5,2.547999208,1.32215E-08,4.90294E-07,1830,3,2,1,0.333333333,0.666666667,0,0
582811,chr7,128166600,128167000,0.5,0,0.5,0,0,0.000530512,0.010976101,9100,3,2.333333333,1.666666667,0.333333333,1.111111111,0,0.333333333
1194560,chr19,46416000,46416400,0.5,0,0.5,0,0,0.000530512,0.010976101,9100,3,2.333333333,1.666666667,0.222222222,1,0,0
1162548,chr19,3177800,3179600,0.5,0.016666667,0.483333333,0.48,3.105883338,8.63259E-06,0.000279763,2397,6,2,0.666666667,0.5,1.666666667,0,0.166666667
988345,chr15,45242200,45242400,0.875,0.416666667,0.458333333,0.458333333,3.254053961,9.36664E-19,9.60179E-17,2414,2,1,1,0.833333333,1.166666667,0,0
699889,chr9,130463600,130464000,1,0.55,0.45,0.45,0.850856561,0.000251892,0.007451574,3717,1,1,1,1.333333333,3,0,1
473170,chr6,41956000,41956600,1,0.555555556,0.444444444,0.444444444,0.836614638,3.32025E-05,0.001040255,3731,1,1,0,0.666666667,2.333333333,0,0
659984,chr8,141737400,141737800,1,0.555555556,0.444444444,0.444444444,0.836614638,0.000275316,0.008103983,3731,1,1,0,1,4,0,1
569348,chr7,101371200,101372200,1,0.555555556,0.444444444,0.444444444,0.836614638,0.00138244,0.027674084,3731,1,2,0,0.333333333,2.333333333,0,0
241568,chr2,238848000,238848600,0.416666667,0,0.416666667,0.416666667,5.415037499,2.20695E-05,0.000697243,2538,1,1,0,1.666666667,2.333333333,0,0
1044884,chr16,27759200,27760000,1,0.583333333,0.416666667,0.333333333,0.577838066,1.89616E-17,9.48075E-16,4147,2,2,2,0.333333333,0.833333333,0,0
617981,chr8,22069400,22070000,1,0.583333333,0.416666667,0.416666667,0.767440553,0.000780948,0.015962854,3862,1,1,1,1,1.666666667,0,0
871112,chr12,13034400,13035000,1,0.583333333,0.416666667,0.416666667,0.767440553,0.000780948,0.015962854,3862,1,1,1,0.666666667,1.666666667,0,0
1059249,chr16,68544000,68544600,1,0.583333333,0.416666667,0.416666667,0.767440553,0.000780948,0.015962854,3862,1,1,1,1,1.666666667,0,0
320173,chr4,2389600,2390400,1,0.583333333,0.416666667,0.416666667,0.767440553,0.003649844,0.069849331,3877,1,2,0,0.666666667,2.666666667,0,0
1259103,chr22,18156400,18157800,1,0.592592593,0.407407407,0.5,3.329105741,3.58907E-19,4.10037E-17,1436,3,2,0.666666667,0.555555556,1.888888889,0,0
667267,chr9,7150000,7150800,0.65625,0.253787879,0.402462121,0.390625,3.27106594,3.84871E-09,1.45586E-07,2596,11,2,1.272727273,0.424242424,1.060606061,0,0
568791,chr7,100824200,100825600,0.555555556,0.966666667,-0.411111111,-0.411111111,-2.361877569,3.12501E-07,1.08088E-05,2569,3,1.333333333,1.333333333,0.666666667,1.666666667,0,0.333333333
82263,chr1,150506400,150507000,0.5,0.916666667,-0.416666667,-0.416666667,-3.199015537,1.49048E-27,2.66177E-25,2538,2,1.5,0.5,0.666666667,1.333333333,0,0
1178028,chr19,18341800,18342400,0.25,0.666666667,-0.416666667,-0.75,-3.821998812,6.85858E-19,7.53134E-17,1361,3,2,1,0.333333333,1.111111111,0,0
468997,chr6,37142600,37146200,0.5,0.916666667,-0.416666667,-0.388888889,-2.355386519,3.37249E-13,1.59376E-11,2603,4,2,0.5,0.416666667,1.666666667,0,0.25
1227645,chr20,46030600,46031000,0.25,0.666666667,-0.416666667,-0.416666667,-3.043662084,5.1818E-12,2.34745E-10,2538,2,1,1,0.666666667,1,0,0
1160590,chr19,1484800,1485200,0.5,0.916666667,-0.416666667,-0.5,-3.329105741,2.54079E-10,1.06434E-08,1436,4,2.25,1,0.25,0.833333333,0,0
455927,chr6,21387200,21387600,0.5,0.916666667,-0.416666667,-0.416666667,-3.199015537,2.80549E-10,1.16515E-08,2538,2,2,1,0.333333333,1.833333333,0,0
1254706,chr21,45135800,45137000,0.583333333,1,-0.416666667,-0.416666667,-0.767440553,2.20695E-05,0.000697243,3862,1,1,0,1.666666667,2.333333333,0,0
1026537,chr16,2018200,2019000,0.333333333,0.75,-0.416666667,-0.166666667,-0.288919033,2.17073E-10,9.26479E-09,6065,4,2,1.75,0.333333333,0.666666667,0,0
1046334,chr16,29666000,29667000,0,0.416666667,-0.416666667,-0.416666667,-3.199015537,0.004518892,0.084759825,2538,2,1.5,1,0.666666667,1.166666667,0,0
1161328,chr19,2091400,2091600,0.5,0.91875,-0.41875,-0.5,-3.329105741,2.92068E-10,1.19544E-08,1436,8,2.75,0.25,0.083333333,2.416666667,0,0.75
1194697,chr19,46518000,46519600,0.5,0.933333333,-0.433333333,-0.333333333,-3.040186708,2.82307E-10,1.16674E-08,3248,5,2.6,0.6,0.133333333,1.333333333,0,0
238625,chr2,232526600,232527400,0.5,0.944444444,-0.444444444,-0.416666667,-3.199015537,8.92563E-19,9.40545E-17,2509,3,2.333333333,0.333333333,0.333333333,1.444444444,0,0
354809,chr4,124468600,124469200,0.5,0.944444444,-0.444444444,-0.444444444,-3.245035445,8.92563E-19,9.40545E-17,2457,2,2,0,0.333333333,3,0,0.5
1232974,chr20,52250400,52251800,0.5,0.944444444,-0.444444444,-0.444444444,-3.245035445,8.92563E-19,9.40545E-17,2457,2,2,0,0.333333333,2,0,0
236021,chr2,222436400,222437000,0.5,0.944444444,-0.444444444,-0.444444444,-2.461272405,2.16623E-13,1.04111E-11,2450,3,1.666666667,0,0.666666667,2.444444444,0,0.333333333
129012,chr1,228377600,228378400,0.5,0.944444444,-0.444444444,-0.444444444,-3.245035445,2.38623E-10,1.01463E-08,2457,2,1.5,0.5,0.666666667,1.166666667,0,0
606106,chr7,157130200,157132400,0.555555556,1,-0.444444444,-0.444444444,-2.412016516,8.52494E-14,4.1582E-12,2450,3,2,0.666666667,0.555555556,1.333333333,0,0
1152308,chr18,46418800,46420600,0.333333333,0.777777778,-0.444444444,-0.444444444,-3.919916503,3.01332E-13,1.43401E-11,2457,3,1.333333333,0.666666667,0.555555556,1.555555556,0,0
411512,chr5,130719600,130720600,0,0.45,-0.45,-0.45,-5.523561956,0.000251892,0.007451574,2422,1,1,1,0.666666667,3,0,1
3253,chr1,2472000,2472400,0.25,0.708333333,-0.458333333,-0.458333333,-4.220385713,5.04349E-06,0.00016712,2415,4,2,1.25,0.666666667,1.833333333,0,0.75
1274877,chr22,43739800,43740200,0.5,0.962962963,-0.462962963,-0.5,-0.985786141,1.71795E-17,9.00955E-16,3140,3,2.666666667,0.333333333,0.222222222,1.444444444,0,0
802143,chr11,2214000,2214800,0.5,0.966666667,-0.466666667,-0.466666667,-3.279847871,2.82307E-10,1.16674E-08,2409,2,2,0.5,0.5,1.833333333,0,0.5
923217,chr12,132332000,132333600,0.5,0.972222222,-0.472222222,-0.5,-3.329105741,1.12726E-18,1.09596E-16,1436,4,2.5,0.75,0.166666667,1.666666667,0,0
1196855,chr19,48612800,48613600,0.5,0.972222222,-0.472222222,-0.472222222,-3.287070593,1.40011E-10,6.09065E-09,2403,4,1.5,0.75,0.666666667,2,0,0
1172133,chr19,12957400,12957800,0,0.479166667,-0.479166667,-0.583333333,-5.89077093,0.000689831,0.014185843,1650,2,2,1,0.5,2.166666667,0,0
613535,chr8,10548000,10549200,0,0.5,-0.5,-1,-6.658211483,6.44299E-33,1.7214E-30,36,2,2.5,1,0.166666667,1,0,0
770689,chr10,72327200,72327600,0.5,1,-0.5,-0.5,-0.985786141,4.78878E-33,1.7214E-30,3140,1,1,1,1.333333333,1,0,0
1205220,chr19,56832600,56834200,0.5,1,-0.5,-0.5,-0.985786141,4.78878E-33,1.7214E-30,3140,1,1,1,1.333333333,0.666666667,0,0
12206,chr1,12586200,12587000,0.5,1,-0.5,-0.5,-0.985786141,2.6919E-32,5.56945E-30,3140,2,2.5,0.5,0.333333333,2.666666667,0,1
20424,chr1,21577200,21577400,0.5,1,-0.5,-0.5,-0.985786141,2.6919E-32,5.56945E-30,3140,1,2,0,0.666666667,1.333333333,0,0
137209,chr1,243266400,243267000,0.5,1,-0.5,-0.5,-0.985786141,2.6919E-32,5.56945E-30,3140,1,2,0,0.666666667,2.333333333,0,0
171540,chr2,55326400,55328200,0.5,1,-0.5,-0.5,-0.985786141,2.6919E-32,5.56945E-30,3140,1,2,0,0.666666667,3.666666667,0,0
432326,chr5,173205600,173206400,0.5,1,-0.5,-0.5,-0.985786141,2.6919E-32,5.56945E-30,3140,1,2,0,0.666666667,2,0,0
432403,chr5,173278600,173279000,0.5,1,-0.5,-0.5,-0.985786141,2.6919E-32,5.56945E-30,3140,1,2,0,0.666666667,1,0,0
438104,chr5,180241600,180242000,0.5,1,-0.5,-0.5,-0.985786141,2.6919E-32,5.56945E-30,3140,1,2,0,0.666666667,2.333333333,0,0
438311,chr5,180542000,180542800,0.5,1,-0.5,-0.5,-0.985786141,2.6919E-32,5.56945E-30,3140,1,2,0,0.666666667,1.333333333,0,0
441805,chr6,2733400,2734200,0.5,1,-0.5,-0.5,-0.985786141,2.6919E-32,5.56945E-30,3140,1,2,0,0.666666667,2,0,0
652902,chr8,124935600,124936800,0.5,1,-0.5,-0.5,-0.985786141,2.6919E-32,5.56945E-30,3140,1,2,0,0.666666667,1.333333333,0,0
671123,chr9,35922200,35923200,0.5,1,-0.5,-0.5,-0.985786141,2.6919E-32,5.56945E-30,3140,1,2,0,0.666666667,2.333333333,0,0
706392,chr9,137297000,137297600,0.5,1,-0.5,-0.5,-0.985786141,2.6919E-32,5.56945E-30,3140,1,2,0,0.666666667,2.333333333,0,0
786031,chr10,100670400,100671600,0.5,1,-0.5,-0.5,-0.985786141,2.6919E-32,5.56945E-30,3140,1,2,0,0.666666667,2.333333333,0,1
860747,chr11,126244000,126244400,0.5,1,-0.5,-0.5,-0.985786141,2.6919E-32,5.56945E-30,3140,1,2,0,0.666666667,1.333333333,0,0
861664,chr11,129907600,129908200,0.5,1,-0.5,-0.5,-0.985786141,2.6919E-32,5.56945E-30,3140,1,2,0,0.666666667,1.666666667,0,0
882263,chr12,50704200,50705000,0.5,1,-0.5,-0.5,-0.985786141,2.6919E-32,5.56945E-30,3140,1,2,0,0.666666667,2.666666667,0,0
912329,chr12,117034800,117035800,0.5,1,-0.5,-0.5,-0.985786141,2.6919E-32,5.56945E-30,3140,1,2,0,0.666666667,3,0,0
922250,chr12,131464400,131464800,0.5,1,-0.5,-0.5,-0.985786141,2.6919E-32,5.56945E-30,3140,1,2,0,0.666666667,1.333333333,0,0
972720,chr14,103519800,103520000,0.5,1,-0.5,-0.5,-0.985786141,2.6919E-32,5.56945E-30,3140,1,2,0,0.666666667,1,0,0
984471,chr15,41091000,41091400,0.5,1,-0.5,-0.5,-0.985786141,2.6919E-32,5.56945E-30,3140,1,2,0,0.666666667,2.333333333,0,0
1070504,chr16,85641200,85641800,0.5,1,-0.5,-0.5,-0.985786141,2.6919E-32,5.56945E-30,3140,1,2,0,0.666666667,2,0,0
1115726,chr17,58675600,58676200,0.5,1,-0.5,-0.5,-0.985786141,2.6919E-32,5.56945E-30,3140,1,2,0,0.666666667,1.333333333,0,0
1121555,chr17,66012600,66012800,0.5,1,-0.5,-0.5,-0.985786141,2.6919E-32,5.56945E-30,3140,1,2,0,0.666666667,1.333333333,0,0
1125555,chr17,73451000,73451600,0.5,1,-0.5,-0.5,-0.985786141,2.6919E-32,5.56945E-30,3140,1,2,0,0.666666667,3.333333333,0,0
1126702,chr17,74372000,74372800,0.5,1,-0.5,-0.5,-0.985786141,2.6919E-32,5.56945E-30,3140,1,2,0,0.666666667,2.333333333,0,0
1166257,chr19,6512800,6514000,0.5,1,-0.5,-0.5,-0.985786141,2.6919E-32,5.56945E-30,3140,1,2,0,0.666666667,2.666666667,0,0
1168232,chr19,8488000,8488600,0.5,1,-0.5,-0.5,-0.985786141,2.6919E-32,5.56945E-30,3140,1,2,0,0.666666667,2,0,0
1180959,chr19,29050000,29050800,0.5,1,-0.5,-0.5,-0.985786141,2.6919E-32,5.56945E-30,3140,1,2,0,0.666666667,1.333333333,0,0
1198838,chr19,50268600,50269800,0.5,1,-0.5,-0.5,-0.985786141,2.6919E-32,5.56945E-30,3140,1,2,0,0.666666667,2.333333333,0,0
1212069,chr20,17976200,17976600,0.5,1,-0.5,-0.5,-0.985786141,2.6919E-32,5.56945E-30,3140,1,2,0,0.666666667,2,0,0
1218204,chr20,33494600,33495200,0.5,1,-0.5,-0.5,-0.985786141,2.6919E-32,5.56945E-30,3140,1,2,0,0.666666667,2,0,0
1077041,chr17,1927000,1927400,0.5,1,-0.5,-0.5,-3.329105741,1.34938E-27,2.42254E-25,1436,3,2,0.666666667,0.444444444,1.888888889,0,0.333333333
1257812,chr22,16097600,16098000,0.5,1,-0.5,-0.5,-3.329105741,1.89467E-27,3.36586E-25,1436,2,1.5,1,0.5,0.666666667,0,0
52185,chr1,54879000,54881000,0.5,1,-0.5,-0.5,-2.547999208,1.41166E-25,2.49474E-23,1830,3,2,0.333333333,0.555555556,2,0,0.333333333
4140,chr1,3598600,3598800,0,0.5,-0.5,-0.5,-5.672425342,1.17618E-20,1.44597E-18,1120,1,2,1,0.333333333,1.333333333,0,0
269276,chr3,45611800,45612200,0,0.5,-0.5,-0.5,-5.672425342,1.17618E-20,1.44597E-18,1120,1,1,2,1,0.666666667,0,0
557352,chr7,73866200,73867000,0,0.5,-0.5,-0.5,-5.672425342,1.17618E-20,1.44597E-18,1120,1,2,1,0.333333333,2,0,0
810521,chr11,14435200,14436000,0,0.5,-0.5,-0.5,-5.672425342,1.17618E-20,1.44597E-18,1120,1,1,2,0.666666667,0.666666667,0,0
986396,chr15,42915000,42915400,0,0.5,-0.5,-0.5,-5.672425342,1.17618E-20,1.44597E-18,1120,1,1,2,0.666666667,0.666666667,0,0
1263531,chr22,27065600,27065800,0,0.5,-0.5,-0.5,-5.672425342,1.17618E-20,1.44597E-18,1120,1,1,2,1,0.666666667,0,0
943444,chr13,111145400,111146400,0.5,1,-0.5,-0.5,-3.329105741,2.35055E-19,2.74077E-17,1436,2,0.5,1,1.166666667,1.666666667,0,0
1020791,chr15,96469600,96471800,0.5,1,-0.5,-0.5,-3.329105741,3.03664E-19,3.49275E-17,1436,2,1.5,1,0.5,0.833333333,0,0
1204549,chr19,56090000,56091000,0.5,1,-0.5,-0.5,-3.329105741,3.49194E-19,4.00287E-17,1436,2,1.5,0.5,0.5,2,0,0.5
1238273,chr20,61412000,61412600,0.5,1,-0.5,-0.5,-3.329105741,6.21658E-19,6.87084E-17,1436,2,1.5,0,0.5,2.166666667,0,0
1262494,chr22,25122000,25122800,0.5,1,-0.5,-0.5,-3.329105741,6.21658E-19,6.87084E-17,1436,2,1.5,0,0.5,1.666666667,0,0
318908,chr4,1035200,1035600,0.5,1,-0.5,-0.5,-3.329105741,8.03097E-19,8.62338E-17,1436,2,2,0.5,0.666666667,2.166666667,0,0
460728,chr6,28919400,28919800,0.5,1,-0.5,-0.5,-3.329105741,8.03097E-19,8.62338E-17,1436,2,2,0.5,0.666666667,1.333333333,0,0
702120,chr9,132370400,132371600,0.5,1,-0.5,-0.5,-3.329105741,8.03097E-19,8.62338E-17,1436,3,2.333333333,0.666666667,0.222222222,1.222222222,0,0
1041050,chr16,22057800,22059000,0.5,1,-0.5,-0.5,-3.329105741,8.03097E-19,8.62338E-17,1436,2,2,0.5,0.333333333,1.166666667,0,0
1060825,chr16,70448000,70449600,0.5,1,-0.5,-0.5,-3.329105741,8.03097E-19,8.62338E-17,1436,2,2,0.5,0.333333333,1.666666667,0,0
1082016,chr17,8127800,8128600,0.5,1,-0.5,-0.5,-3.329105741,8.03097E-19,8.62338E-17,1436,2,2,0.5,0.333333333,1.166666667,0,0
1100005,chr17,38406400,38407800,0.5,1,-0.5,-0.5,-3.329105741,8.03097E-19,8.62338E-17,1436,3,2.333333333,1,0.222222222,0.888888889,0,0
379959,chr5,25073000,25073400,0.5,1,-0.5,-0.5,-3.329105741,9.23502E-19,9.49556E-17,1436,2,2,0,0.333333333,2.166666667,0,0
463655,chr6,32053400,32056200,0.5,1,-0.5,-0.5,-3.329105741,9.23502E-19,9.49556E-17,1436,4,2.5,0,0.166666667,2,0,0
526158,chr7,948200,948600,0.5,1,-0.5,-0.5,-3.329105741,9.23502E-19,9.49556E-17,1436,3,2.333333333,0.333333333,0.222222222,1.333333333,0,0
1166371,chr19,6607600,6609200,0.5,1,-0.5,-0.5,-3.329105741,9.23502E-19,9.49556E-17,1436,2,2,0,0.333333333,3,0,1
1227540,chr20,45829400,45830200,0.5,1,-0.5,-0.5,-3.329105741,9.23502E-19,9.49556E-17,1436,2,2,0,0.333333333,1.666666667,0,0
1271437,chr22,40047000,40047400,0.5,1,-0.5,-0.5,-3.329105741,9.23502E-19,9.49556E-17,1436,2,2,0,0.333333333,2.166666667,0,0
147968,chr2,10198800,10201200,0.5,1,-0.5,-0.5,-3.329105741,1.12726E-18,1.09596E-16,1436,4,2.5,1,0.333333333,1,0,0
442482,chr6,3288200,3289200,0.5,1,-0.5,-0.5,-3.329105741,1.12726E-18,1.09596E-16,1436,2,1.5,0.5,0.666666667,2,0,0.5
757936,chr10,35695000,35697400,0.5,1,-0.5,-0.5,-3.329105741,1.12726E-18,1.09596E-16,1436,2,1,0,0.833333333,1.833333333,0,0
803278,chr11,3532600,3537600,0.5,1,-0.5,-0.5,-3.329105741,1.12726E-18,1.09596E-16,1436,2,1.5,0.5,0.666666667,1.5,0,0
1073236,chr16,88632400,88633000,0.5,1,-0.5,-0.5,-3.329105741,1.12726E-18,1.09596E-16,1436,2,2,1,0.333333333,1.166666667,0,0
1085593,chr17,17508800,17509400,0.5,1,-0.5,-0.5,-3.329105741,1.12726E-18,1.09596E-16,1436,2,1.5,0.5,0.666666667,1.666666667,0,0
1164607,chr19,4988000,4989200,0.5,1,-0.5,-0.5,-3.329105741,1.12726E-18,1.09596E-16,1436,3,2,1,0.333333333,1.222222222,0,0
1167118,chr19,7505000,7505600,0,0.5,-0.5,-0.5,-3.329105741,1.12726E-18,1.09596E-16,1436,2,2,1,0.333333333,1.166666667,0,0
1237999,chr20,61047000,61047400,0.5,1,-0.5,-0.5,-3.329105741,1.12726E-18,1.09596E-16,1436,2,1.5,0.5,0.5,1.833333333,0,0
1273560,chr22,42344800,42345400,0.5,1,-0.5,-0.5,-3.329105741,1.12726E-18,1.09596E-16,1436,2,2,1,0.333333333,1.333333333,0,0
567939,chr7,100045800,100046200,0.5,1,-0.5,-1,-6.658211483,8.22374E-18,4.81103E-16,360,2,2,2,0.333333333,0.333333333,0,0
665201,chr9,238200,238800,0.5,1,-0.5,-1,-6.658211483,8.22374E-18,4.81103E-16,360,3,2,1.666666667,0.333333333,0.555555556,0,0
3066,chr1,2157200,2157600,0.5,1,-0.5,-0.5,-0.985786141,1.71795E-17,9.00955E-16,3140,1,2,1,0.666666667,2,0,1
5888,chr1,6410400,6411600,0.5,1,-0.5,-0.5,-0.985786141,1.71795E-17,9.00955E-16,3140,1,2,1,0.666666667,0.666666667,0,0
33166,chr1,33608000,33608400,0.5,1,-0.5,-0.5,-0.985786141,1.71795E-17,9.00955E-16,3140,1,2,1,0.666666667,1.666666667,0,0
76842,chr1,118181600,118182600,0.5,1,-0.5,-0.5,-0.985786141,1.71795E-17,9.00955E-16,3140,1,2,1,0.666666667,1,0,0
128740,chr1,228074200,228074400,0.5,1,-0.5,-0.5,-0.985786141,1.71795E-17,9.00955E-16,3140,1,2,1,0.666666667,1.666666667,0,0
181930,chr2,74358600,74359800,0.5,1,-0.5,-0.5,-0.985786141,1.71795E-17,9.00955E-16,3140,1,2,1,0.666666667,1.333333333,0,0
254537,chr3,15417200,15417600,0.5,1,-0.5,-0.5,-0.985786141,1.71795E-17,9.00955E-16,3140,1,2,1,0.666666667,0.666666667,0,0
308533,chr3,183970400,183970600,0.5,1,-0.5,-0.5,-0.985786141,1.71795E-17,9.00955E-16,3140,1,2,1,0.666666667,1,0,0
319575,chr4,1777200,1778800,0.5,1,-0.5,-0.5,-0.985786141,1.71795E-17,9.00955E-16,3140,2,2.5,0.5,0.333333333,1,0,0
354251,chr4,123684400,123685200,0.5,1,-0.5,-0.5,-0.985786141,1.71795E-17,9.00955E-16,3140,2,2.5,1.5,0.333333333,1,0,0
377506,chr5,10735800,10736800,0.5,1,-0.5,-0.5,-0.985786141,1.71795E-17,9.00955E-16,3140,1,2,1,0.666666667,1.333333333,0,0
420255,chr5,141389800,141390400,0.5,1,-0.5,-0.5,-0.985786141,1.71795E-17,9.00955E-16,3140,1,2,1,0.666666667,1,0,0
613512,chr8,10529600,10530600,0.5,1,-0.5,-0.5,-0.985786141,1.71795E-17,9.00955E-16,3140,1,2,1,0.666666667,1,0,0
659634,chr8,141431000,141431400,0.5,1,-0.5,-0.5,-0.985786141,1.71795E-17,9.00955E-16,3140,1,2,1,0.666666667,0.666666667,0,0
676710,chr9,80514000,80514400,0.5,1,-0.5,-0.5,-0.985786141,1.71795E-17,9.00955E-16,3140,1,2,1,0.666666667,1,0,0
800725,chr11,745200,745400,0.5,1,-0.5,-0.5,-0.985786141,1.71795E-17,9.00955E-16,3140,5,2.8,1.4,0.133333333,0.6,0,0
827023,chr11,61783400,61784200,0.5,1,-0.5,-0.5,-0.985786141,1.71795E-17,9.00955E-16,3140,1,2,1,0.666666667,1.666666667,0,0
912192,chr12,116889400,116889800,0.5,1,-0.5,-0.5,-0.985786141,1.71795E-17,9.00955E-16,3140,1,2,1,0.666666667,0.666666667,0,0
912765,chr12,117496800,117498000,0.5,1,-0.5,-0.5,-0.985786141,1.71795E-17,9.00955E-16,3140,1,2,1,1.333333333,1.333333333,0,0
945229,chr13,113871000,113871400,0.5,1,-0.5,-0.5,-0.985786141,1.71795E-17,9.00955E-16,3140,1,2,1,0.666666667,1.333333333,0,0
977055,chr15,23700000,23700800,0.5,1,-0.5,-0.5,-0.985786141,1.71795E-17,9.00955E-16,3140,1,2,1,0.666666667,2,0,1
1024700,chr16,215400,215600,0.5,1,-0.5,-0.5,-0.985786141,1.71795E-17,9.00955E-16,3140,2,2.5,1,0.333333333,1,0,0
1047334,chr16,30788800,30790600,0.5,1,-0.5,-0.5,-0.985786141,1.71795E-17,9.00955E-16,3140,1,2,1,0.666666667,1,0,0
1073111,chr16,88465200,88466000,0.5,1,-0.5,-0.5,-0.985786141,1.71795E-17,9.00955E-16,3140,1,2,1,0.666666667,2.666666667,0,0
1105385,chr17,43571600,43572400,0.5,1,-0.5,-0.5,-0.985786141,1.71795E-17,9.00955E-16,3140,2,2.5,1.5,0.333333333,0.5,0,0
1140079,chr18,9701600,9702000,0.5,1,-0.5,-0.5,-0.985786141,1.71795E-17,9.00955E-16,3140,1,2,1,0.666666667,1.333333333,0,0
1166105,chr19,6358600,6358800,0.5,1,-0.5,-0.5,-0.985786141,1.71795E-17,9.00955E-16,3140,1,2,1,0.666666667,0.666666667,0,0
1172275,chr19,13084000,13085000,0.5,1,-0.5,-0.5,-0.985786141,1.71795E-17,9.00955E-16,3140,1,2,1,0.666666667,0.666666667,0,0
1173870,chr19,14448200,14448800,0.5,1,-0.5,-0.5,-0.985786141,1.71795E-17,9.00955E-16,3140,1,2,1,0.666666667,0.666666667,0,0
1197278,chr19,48995200,48995600,0.5,1,-0.5,-0.5,-0.985786141,1.71795E-17,9.00955E-16,3140,1,2,1,1.333333333,1.333333333,0,0
1228680,chr20,47403400,47404400,0.5,1,-0.5,-0.5,-0.985786141,1.71795E-17,9.00955E-16,3140,1,2,1,0.666666667,1.666666667,0,0
1279150,chr22,50746800,50747400,0.5,1,-0.5,-0.5,-0.985786141,1.71795E-17,9.00955E-16,3140,1,2,1,0.666666667,1,0,0
1076564,chr17,1492000,1493200,0,0.5,-0.5,-0.5,-3.329105741,8.5294E-14,4.1582E-12,1436,2,1,2,1.166666667,0.333333333,0,0
38213,chr1,39185200,39185800,0.5,1,-0.5,-0.5,-3.329105741,4.22854E-12,1.92848E-10,1436,2,1.5,1.5,0.666666667,0.5,0,0
529597,chr7,5005800,5006200,0.5,1,-0.5,-0.5,-3.329105741,4.22854E-12,1.92848E-10,1436,2,1,2,0.833333333,0.5,0,0
666618,chr9,5499800,5500200,0,0.5,-0.5,-0.5,-3.329105741,5.13937E-12,2.33134E-10,1436,2,2,1,0.333333333,0.833333333,0,0
978787,chr15,29219600,29220800,0.5,1,-0.5,-0.5,-3.329105741,5.93188E-12,2.66236E-10,1436,2,1,1.5,0.833333333,1,0,0
998529,chr15,64114600,64118600,0.5,1,-0.5,-0.5,-3.329105741,5.93188E-12,2.66236E-10,1436,2,1.5,2,1,0.666666667,0,0
87872,chr1,156676600,156676800,0,0.5,-0.5,-0.5,-3.797769661,2.60246E-11,1.15279E-09,1374,5,1.2,1.4,0.8,0.866666667,0,0
916940,chr12,122688800,122689200,0.5,1,-0.5,-0.5,-3.329105741,1.96802E-10,8.46348E-09,1436,2,1.5,0.5,0.666666667,1.333333333,0,0
1162882,chr19,3480800,3481200,0.5,1,-0.5,-0.5,-3.329105741,1.96802E-10,8.46348E-09,1436,2,1.5,0.5,0.666666667,2.333333333,0,0
527611,chr7,2288400,2289400,0.5,1,-0.5,-0.5,-3.329105741,2.54079E-10,1.06434E-08,1436,2,2,1,0.333333333,1,0,0
656201,chr8,130564200,130565200,0.5,1,-0.5,-0.5,-3.329105741,2.54079E-10,1.06434E-08,1436,2,2,1,0.333333333,1.333333333,0,0
917643,chr12,123419600,123420000,0.5,1,-0.5,-0.5,-3.329105741,2.54079E-10,1.06434E-08,1436,2,2,1,0.333333333,1.166666667,0,0
974516,chr14,105629200,105632800,0.5,1,-0.5,-0.5,-3.329105741,2.54079E-10,1.06434E-08,1436,3,2,1,0.333333333,1.111111111,0,0
1025211,chr16,667000,667400,0.5,1,-0.5,-0.5,-3.329105741,2.54079E-10,1.06434E-08,1436,2,2,1,0.333333333,0.666666667,0,0
1161246,chr19,2028400,2028600,0.5,1,-0.5,-0.5,-3.329105741,2.54079E-10,1.06434E-08,1436,4,2.5,0.75,0.166666667,1.5,0,0
1165176,chr19,5432800,5433800,0.5,1,-0.5,-0.5,-3.329105741,2.54079E-10,1.06434E-08,1436,3,2.333333333,1.333333333,0.222222222,0.666666667,0,0
1187648,chr19,39019000,39019600,0.5,1,-0.5,-0.5,-3.329105741,2.54079E-10,1.06434E-08,1436,2,2,1,0.333333333,0.666666667,0,0
1191058,chr19,42425400,42426200,0.5,1,-0.5,-0.5,-3.329105741,2.54079E-10,1.06434E-08,1436,2,2,1,0.333333333,1.333333333,0,0
1070283,chr16,85436200,85437200,0.5,1,-0.5,-0.5,-3.329105741,2.92068E-10,1.19544E-08,1436,3,2.333333333,0.333333333,0.333333333,2.333333333,0,0.333333333
1177542,chr19,17976000,17977200,0.5,1,-0.5,-0.5,-3.329105741,2.92068E-10,1.19544E-08,1436,3,2.333333333,0.333333333,0.222222222,1.888888889,0,0
1221577,chr20,36743200,36743800,0.5,1,-0.5,-0.5,-3.329105741,2.92068E-10,1.19544E-08,1436,2,2,0.5,0.333333333,1.166666667,0,0
1227655,chr20,46043000,46043600,0.5,1,-0.5,-0.5,-3.329105741,2.92068E-10,1.19544E-08,1436,2,2,0.5,0.5,1.333333333,0,0
1266248,chr22,31690800,31691400,0.5,1,-0.5,-0.5,-3.329105741,2.92068E-10,1.19544E-08,1436,2,2,0.5,0.333333333,2.166666667,0,0.5
376626,chr5,8011800,8012400,0,0.5,-0.5,-0.5,-3.329105741,3.56325E-10,1.42576E-08,1436,2,2,1.5,0.333333333,1.333333333,0,0
390134,chr5,56507000,56507800,0.5,1,-0.5,-0.5,-3.329105741,3.56325E-10,1.42576E-08,1436,2,2,1.5,0.5,1.5,0,0.5
923016,chr12,132121600,132124000,0.5,1,-0.5,-0.5,-3.329105741,3.56325E-10,1.42576E-08,1436,3,2.333333333,1.666666667,0.222222222,0.444444444,0,0
1132459,chr17,79620400,79621000,0.5,1,-0.5,-0.5,-3.329105741,3.56325E-10,1.42576E-08,1436,2,2,1.5,0.333333333,0.666666667,0,0
1138316,chr18,7574600,7575000,0.5,1,-0.5,-0.5,-3.329105741,3.56325E-10,1.42576E-08,1436,2,1.5,1,1.666666667,1.5,0.5,0
1162995,chr19,3586600,3587400,0.5,1,-0.5,-0.5,-3.329105741,3.56325E-10,1.42576E-08,1436,2,1.5,1,0.5,1.166666667,0,0
11807,chr1,12208200,12209200,0,0.5,-0.5,0,0,0.000530512,0.010976101,9100,2,2.5,0.5,0.333333333,1.666666667,0,0
43375,chr1,44300000,44301600,0,0.5,-0.5,0,0,0.000530512,0.010976101,9100,2,2.5,1,0.166666667,1,0,0
1046392,chr16,29710400,29712400,0,0.5,-0.5,0,0,0.000530512,0.010976101,9100,2,2.5,1.5,0.333333333,0.833333333,0,0
1070547,chr16,85723400,85724000,0,0.5,-0.5,0,0,0.000530512,0.010976101,9100,2,2,2,0.333333333,1,0,0
1163267,chr19,3812200,3813000,0,0.5,-0.5,0,0,0.000530512,0.010976101,9100,2,2,1.5,0.5,1.166666667,0,0
1164180,chr19,4610400,4610800,0,0.5,-0.5,0,0,0.000530512,0.010976101,9100,2,2.5,1,0.166666667,1.166666667,0,0
1197694,chr19,49334000,49335200,0,0.5,-0.5,0,0,0.000530512,0.010976101,9100,2,2.5,0.5,0.333333333,1.5,0,0
143221,chr2,317600,317800,0.4,0.904761905,-0.504761905,-0.566666667,-3.942890808,4.61662E-09,1.74052E-07,1355,7,2.285714286,0.428571429,0.238095238,1.619047619,0,0.285714286
1073492,chr16,88931600,88932400,0.277777778,0.791666667,-0.513888889,-0.444444444,-2.545682291,3.19662E-13,1.51699E-11,2450,4,1.75,0.5,0.583333333,1.75,0,0.25
2010,chr1,1001800,1003000,0,0.516666667,-0.516666667,-0.5,-3.329105741,0.004044191,0.076291105,1784,5,2.6,0.8,0.2,1.466666667,0,0
1160817,chr19,1673200,1673800,0.3125,0.84484127,-0.53234127,-0.471875,-3.871190946,3.21823E-09,1.22009E-07,2408,21,2.476190476,0.857142857,0.19047619,1.650793651,0,0.285714286
335146,chr4,48740800,48741400,0,0.533333333,-0.533333333,-0.533333333,-5.763765654,0.000428966,0.010976101,1197,1,2,0,0.333333333,3,0,1
607336,chr7,158623200,158624800,0.375,0.911111111,-0.536111111,-0.536111111,-3.394590438,3.26274E-10,1.32903E-08,1430,2,1.5,0.5,0.666666667,1.833333333,0,0.5
1069187,chr16,84514600,84516200,0,0.555555556,-0.555555556,-1,-6.658211483,6.44299E-33,1.7214E-30,36,2,2.5,0,0.166666667,1.833333333,0,0
606632,chr7,157877400,157878000,0,0.5625,-0.5625,0,0,0.000530512,0.010976101,9100,4,2.75,1,0.083333333,1.583333333,0,0
1199599,chr19,51012800,51013600,0.333333333,0.916666667,-0.583333333,-0.583333333,-4.302046332,2.15044E-07,7.66456E-06,1278,3,2,1.333333333,0.333333333,1,0,0
87450,chr1,156339000,156339400,0.333333333,0.916666667,-0.583333333,-0.555555556,-4.246194966,2.20828E-07,7.85422E-06,1280,4,2,1.25,0.5,1.25,0,0.25
1088032,chr17,21671400,21672800,0.4,1,-0.6,-0.6,-1.300659478,2.5064E-32,5.56945E-30,2491,2,2.5,0.5,0.833333333,1.5,0.5,0
665242,chr9,276000,276200,0.4,1,-0.6,-0.6,-3.99492689,2.81666E-20,3.40114E-18,1354,8,2.375,0.75,0.375,2.083333333,0,0.625
1097669,chr17,36187800,36188600,0,0.625,-0.625,-0.625,-5.988684687,0.001719252,0.03409464,1711,1,1,1,0.666666667,2,0,0
1160561,chr19,1451400,1451800,0.238095238,0.87037037,-0.632275132,-0.619047619,-4.556760457,1.76979E-12,8.18129E-11,1262,9,2,1,0.333333333,1.296296296,0,0.222222222
417828,chr5,138718800,138720000,0.333333333,1,-0.666666667,-0.666666667,-1.556673456,2.38607E-32,5.56945E-30,2313,1,2,0,1,1,0,0
1110560,chr17,49012600,49013800,0.333333333,1,-0.666666667,-0.666666667,-1.556673456,2.38607E-32,5.56945E-30,2313,2,2.5,1,0.5,1,0,0
801038,chr11,1051600,1052000,0.333333333,1,-0.666666667,-1,-6.658211483,1.00069E-28,1.84535E-26,184,5,2,1.8,0.333333333,0.933333333,0,0.4
190970,chr2,100879200,100879600,0,0.666666667,-0.666666667,-0.666666667,-6.080373416,1.10532E-20,1.44597E-18,1006,1,1,2,0.666666667,1,0,0
1133942,chr17,81055600,81056800,0.333333333,1,-0.666666667,-0.666666667,-4.438807655,7.49784E-20,9.02161E-18,1269,4,2.25,0.5,0.25,1.75,0,0
1269671,chr22,38104600,38105400,0,0.666666667,-0.666666667,-1,-6.658211483,8.22374E-18,4.81103E-16,360,3,2.666666667,1.333333333,0.111111111,1,0,0
907686,chr12,111046600,111047400,0.333333333,1,-0.666666667,-0.666666667,-1.556673456,1.61445E-17,9.00955E-16,2313,1,2,1,1,1,0,0
1133162,chr17,80343200,80343800,0.333333333,1,-0.666666667,-0.666666667,-1.556673456,1.61445E-17,9.00955E-16,2313,2,2.5,1,0.5,1,0,0
14918,chr1,16067600,16068200,0.25,0.916666667,-0.666666667,-0.666666667,-3.691908607,1.27856E-10,5.56903E-09,1385,2,1.5,1,0.666666667,1.166666667,0,0
1074159,chr16,89666600,89667800,0,0.666666667,-0.666666667,0,0,0.000530512,0.010976101,9100,4,2.75,0.75,0.083333333,1.333333333,0,0
1086584,chr17,18881000,18882000,0,0.666666667,-0.666666667,0,0,0.000530512,0.010976101,9100,3,2.666666667,1,0.111111111,1,0,0
1197308,chr19,49019600,49020400,0,0.6875,-0.6875,-0.375,-5.266786541,0.002092179,0.041297116,2642,2,2,1.5,0.5,1.166666667,0,0
660850,chr8,142443600,142444400,0.25,0.944444444,-0.694444444,-0.694444444,-3.737928516,2.33707E-10,9.9622E-09,1383,2,1.5,0.5,0.666666667,1.5,0,0
243410,chr2,241551400,241552200,0,0.75,-0.75,-1,-6.658211483,6.44299E-33,1.7214E-30,36,2,2.5,0.5,0.166666667,1.5,0,0
541797,chr7,32804800,32805000,0,0.75,-0.75,-1,-6.658211483,6.44299E-33,1.7214E-30,36,2,2.5,0.5,0.333333333,1.5,0,0
290943,chr3,130739000,130739400,0.25,1,-0.75,-0.75,-3.821998812,5.93228E-28,1.07641E-25,1361,2,2,0.5,0.5,1,0,0
802412,chr11,2482800,2483000,0.25,1,-0.75,-0.75,-3.821998812,8.98985E-28,1.62252E-25,1361,2,1,0,0.666666667,1.333333333,0,0
864473,chr12,226600,227200,0,0.75,-0.75,-0.5,-5.672425342,1.17618E-20,1.44597E-18,1120,2,2.5,1,0.166666667,1.833333333,0,0
9227,chr1,9622800,9623400,0.25,1,-0.75,-0.75,-3.821998812,5.35246E-19,5.99387E-17,1361,3,2,0,0.333333333,2.666666667,0,0.333333333
431316,chr5,172156600,172157000,0.25,1,-0.75,-0.75,-3.821998812,5.35246E-19,5.99387E-17,1361,2,1.5,0,0.5,2.666666667,0,0
1268914,chr22,37377000,37378000,0.25,1,-0.75,-1,-6.658211483,8.22374E-18,4.81103E-16,360,2,1.5,2,0.666666667,0.333333333,0,0
1187053,chr19,38422600,38423400,0.25,1,-0.75,-0.75,-3.821998812,1.69509E-10,7.34559E-09,1361,2,1.5,0.5,0.5,2.333333333,0,0
521791,chr6,168091000,168091600,0,0.75,-0.75,-0.75,-6.165318412,2.17073E-10,9.26479E-09,792,2,1.5,1,0.5,1.333333333,0,0
1258985,chr22,18057000,18057200,0.25,1,-0.75,-0.75,-3.821998812,2.17073E-10,9.26479E-09,1361,2,1.5,1,0.5,1.166666667,0,0
119694,chr1,212187400,212188400,0,0.8125,-0.8125,-1,-6.658211483,8.22374E-18,4.81103E-16,360,2,2.5,1,0.166666667,1.666666667,0,0
1118430,chr17,62101400,62103600,0,0.833333333,-0.833333333,-1,-6.658211483,8.22374E-18,4.81103E-16,360,2,2.5,1.5,0.166666667,0.833333333,0,0
570149,chr7,101934400,101934800,0,0.833333333,-0.833333333,-0.75,-6.165318412,2.80549E-10,1.16515E-08,816,3,2.333333333,0.666666667,0.222222222,1.333333333,0,0
1142060,chr18,12414200,12414800,0,0.84375,-0.84375,-0.5,-5.672425342,1.17618E-20,1.44597E-18,1120,8,2.75,0.875,0.083333333,1.208333333,0,0
184504,chr2,85749400,85750200,0,0.875,-0.875,-1,-6.658211483,8.22374E-18,4.81103E-16,360,2,2.5,1,0.166666667,1.166666667,0,0
418197,chr5,139138800,139139400,0.125,1,-0.875,-0.875,-4.307991624,9.17952E-11,4.02937E-09,1276,2,1.5,1,0.666666667,0.833333333,0,0
1137266,chr18,3643200,3643600,0,0.87797619,-0.87797619,-1,-6.658211483,8.22374E-18,4.81103E-16,360,14,2.928571429,1.357142857,0.023809524,1.214285714,0,0.142857143
666278,chr9,4821400,4821800,0,0.888888889,-0.888888889,-1,-6.658211483,8.22374E-18,4.81103E-16,360,3,2.666666667,1,0.111111111,0.888888889,0,0
1164313,chr19,4732000,4732600,0,0.935185185,-0.935185185,-1,-6.658211483,1.14618E-33,1.7214E-30,6,3,2.333333333,0.666666667,0.222222222,1.888888889,0,0
1238989,chr20,62171400,62172400,0,0.9375,-0.9375,-1,-6.658211483,8.22374E-18,4.81103E-16,360,4,2.75,1.25,0.083333333,1.083333333,0,0
826771,chr11,61524600,61526800,0,0.958333333,-0.958333333,-0.9375,-6.562908516,2.53175E-19,2.92193E-17,675,3,2,0.666666667,0.333333333,1.777777778,0,0
923258,chr12,132362200,132362600,0,1,-1,-1,-6.658211483,1.73614E-48,1.47272E-44,2,1,1,0,0.666666667,3.666666667,0,1
957441,chr14,63936200,63936400,0,1,-1,-1,-6.658211483,1.73614E-48,1.47272E-44,2,1,1,0,0.666666667,1.333333333,0,0
1029055,chr16,4329600,4330000,0,1,-1,-1,-6.658211483,1.73614E-48,1.47272E-44,2,1,1,0,0.666666667,1.666666667,0,0
14862,chr1,16018200,16018800,0,1,-1,-1,-6.658211483,1.54211E-33,1.7214E-30,12,1,0,2,1.333333333,0.666666667,0,0
24178,chr1,25025600,25026600,0,1,-1,-1,-6.658211483,6.44299E-33,1.7214E-30,36,1,2,0,0.333333333,2.333333333,0,0
25317,chr1,26092800,26093800,0,1,-1,-1,-6.658211483,6.44299E-33,1.7214E-30,36,1,2,0,0.666666667,2,0,0
30205,chr1,30660800,30661200,0,1,-1,-1,-6.658211483,6.44299E-33,1.7214E-30,36,1,2,0,0.333333333,2.333333333,0,1
36055,chr1,36983800,36985000,0,1,-1,-1,-6.658211483,6.44299E-33,1.7214E-30,36,1,2,0,0.333333333,1.333333333,0,0
38588,chr1,39541000,39541800,0,1,-1,-1,-6.658211483,6.44299E-33,1.7214E-30,36,1,2,0,0.333333333,1.666666667,0,0
58520,chr1,68381800,68382000,0,1,-1,-1,-6.658211483,6.44299E-33,1.7214E-30,36,1,2,0,0.333333333,2,0,0
69630,chr1,109980400,109981200,0,1,-1,-1,-6.658211483,6.44299E-33,1.7214E-30,36,1,2,0,0.333333333,2,0,0
88093,chr1,156867000,156868200,0,1,-1,-1,-6.658211483,6.44299E-33,1.7214E-30,36,1,2,0,0.333333333,2.666666667,0,1
88109,chr1,156880800,156881800,0,1,-1,-1,-6.658211483,6.44299E-33,1.7214E-30,36,1,2,0,0.333333333,1.666666667,0,0
129159,chr1,228525800,228526800,0,1,-1,-1,-6.658211483,6.44299E-33,1.7214E-30,36,1,2,0,0.333333333,1.666666667,0,0
148253,chr2,10457800,10459200,0,1,-1,-1,-6.658211483,6.44299E-33,1.7214E-30,36,1,2,0,0.333333333,2.666666667,0,0
174789,chr2,63651600,63652200,0,1,-1,-1,-6.658211483,6.44299E-33,1.7214E-30,36,1,2,0,0.333333333,2.333333333,0,0
189274,chr2,98355800,98356800,0,1,-1,-1,-6.658211483,1.14618E-33,1.7214E-30,6,1,1,1,0.666666667,0.666666667,0,0
200480,chr2,120764600,120765000,0,1,-1,-1,-6.658211483,1.14618E-33,1.7214E-30,6,1,1,1,0.666666667,0.666666667,0,0
200591,chr2,121004000,121004600,0,1,-1,-1,-6.658211483,6.44299E-33,1.7214E-30,36,1,2,0,0.333333333,1.333333333,0,0
243521,chr2,241674200,241674800,0,1,-1,-1,-6.658211483,6.44299E-33,1.7214E-30,36,1,2,0,0.333333333,1.333333333,0,0
251916,chr3,12727000,12727400,0,1,-1,-1,-6.658211483,6.44299E-33,1.7214E-30,36,1,2,0,0.333333333,1.333333333,0,0
252004,chr3,12797000,12797200,0,1,-1,-1,-6.658211483,1.54211E-33,1.7214E-30,12,1,0,2,1,0.333333333,0,0
256499,chr3,19896400,19896800,0,1,-1,-1,-6.658211483,6.44299E-33,1.7214E-30,36,1,2,0,0.333333333,1.333333333,0,0
296020,chr3,142962600,142963000,0,1,-1,-1,-6.658211483,6.44299E-33,1.7214E-30,36,1,2,0,0.333333333,1.666666667,0,0
386908,chr5,43518600,43519000,0,1,-1,-1,-6.658211483,6.44299E-33,1.7214E-30,36,1,2,0,0.333333333,2,0,0
418614,chr5,139536600,139537400,0,1,-1,-1,-6.658211483,6.44299E-33,1.7214E-30,36,2,2.5,0.5,0.166666667,1.5,0,0
435278,chr5,176983600,176983800,0,1,-1,-1,-6.658211483,6.44299E-33,1.7214E-30,36,1,2,0,0.666666667,1.333333333,0,0
465561,chr6,34164800,34165400,0,1,-1,-1,-6.658211483,6.44299E-33,1.7214E-30,36,1,2,0,0.333333333,2.333333333,0,0
466545,chr6,35017600,35018000,0,1,-1,-1,-6.658211483,6.44299E-33,1.7214E-30,36,1,2,0,0.333333333,1.666666667,0,0
475684,chr6,44171600,44172600,0,1,-1,-1,-6.658211483,6.44299E-33,1.7214E-30,36,1,2,0,0.333333333,2.333333333,0,0
483125,chr6,76315200,76316200,0,1,-1,-1,-6.658211483,6.44299E-33,1.7214E-30,36,1,2,0,0.333333333,1,0,0
521966,chr6,168261200,168261800,0,1,-1,-1,-6.658211483,6.44299E-33,1.7214E-30,36,1,2,0,0.333333333,2.333333333,0,0
527789,chr7,2450200,2450600,0,1,-1,-1,-6.658211483,6.44299E-33,1.7214E-30,36,1,2,0,0.333333333,2,0,0
527982,chr7,2614800,2615200,0,1,-1,-1,-6.658211483,6.44299E-33,1.7214E-30,36,1,2,0,0.333333333,1.666666667,0,0
541003,chr7,30933400,30934800,0,1,-1,-1,-6.658211483,6.44299E-33,1.7214E-30,36,1,2,0,0.666666667,1,0,0
541585,chr7,32586200,32586600,0,1,-1,-1,-6.658211483,6.44299E-33,1.7214E-30,36,1,2,0,0.333333333,1.333333333,0,0
574078,chr7,106319400,106320400,0,1,-1,-1,-6.658211483,6.44299E-33,1.7214E-30,36,1,2,0,0.333333333,1.333333333,0,0
649003,chr8,106601800,106602400,0,1,-1,-1,-6.658211483,6.44299E-33,1.7214E-30,36,1,2,0,0.333333333,1.333333333,0,0
671131,chr9,35940400,35940800,0,1,-1,-1,-6.658211483,6.44299E-33,1.7214E-30,36,1,2,0,0.333333333,1.333333333,0,0
685908,chr9,101854000,101854600,0,1,-1,-1,-6.658211483,6.44299E-33,1.7214E-30,36,1,2,0,0.333333333,1,0,0
688400,chr9,110438400,110438600,0,1,-1,-1,-6.658211483,6.44299E-33,1.7214E-30,36,1,2,0,0.333333333,1.333333333,0,0
699822,chr9,130414000,130415400,0,1,-1,-1,-6.658211483,6.44299E-33,1.7214E-30,36,1,2,0,0.333333333,1,0,0
768931,chr10,70600800,70601000,0,1,-1,-1,-6.658211483,6.44299E-33,1.7214E-30,36,1,2,0,0.333333333,3,0,0
769445,chr10,71067200,71067800,0,1,-1,-1,-6.658211483,1.14618E-33,1.7214E-30,6,1,1,1,1,1.333333333,0,0
783233,chr10,95631000,95631600,0,1,-1,-1,-6.658211483,6.44299E-33,1.7214E-30,36,1,2,0,0.333333333,2,0,0
795586,chr10,126599200,126599600,0,1,-1,-1,-6.658211483,6.44299E-33,1.7214E-30,36,1,2,0,0.333333333,1,0,0
829906,chr11,64766600,64767200,0,1,-1,-1,-6.658211483,6.44299E-33,1.7214E-30,36,1,2,0,0.333333333,1,0,0
835986,chr11,70588800,70589400,0,1,-1,-1,-6.658211483,6.44299E-33,1.7214E-30,36,1,2,0,0.333333333,2,0,0
837723,chr11,72465400,72467000,0,1,-1,-1,-6.658211483,6.44299E-33,1.7214E-30,36,2,2.5,0.5,0.166666667,1.5,0,0
842476,chr11,77740000,77740400,0,1,-1,-1,-6.658211483,6.44299E-33,1.7214E-30,36,1,2,0,0.333333333,1.666666667,0,0
876075,chr12,31902000,31902800,0,1,-1,-1,-6.658211483,6.44299E-33,1.7214E-30,36,1,2,0,0.333333333,1.333333333,0,0
911916,chr12,116624800,116625200,0,1,-1,-1,-6.658211483,6.44299E-33,1.7214E-30,36,1,2,0,0.333333333,2,0,0
920649,chr12,127646600,127647200,0,1,-1,-1,-6.658211483,6.44299E-33,1.7214E-30,36,1,2,0,0.333333333,1.666666667,0,0
922810,chr12,131930800,131931200,0,1,-1,-1,-6.658211483,6.44299E-33,1.7214E-30,36,1,2,0,0.333333333,2,0,0
923028,chr12,132131000,132131400,0,1,-1,-1,-6.658211483,6.44299E-33,1.7214E-30,36,1,2,0,0.333333333,1.666666667,0,0
947900,chr14,21785000,21785600,0,1,-1,-1,-6.658211483,6.44299E-33,1.7214E-30,36,1,2,0,0.333333333,1.333333333,0,0
954320,chr14,52327200,52327600,0,1,-1,-1,-6.658211483,6.44299E-33,1.7214E-30,36,1,2,0,0.333333333,1,0,0
996455,chr15,60772600,60773000,0,1,-1,-1,-6.658211483,6.44299E-33,1.7214E-30,36,1,2,0,0.333333333,2.333333333,0,0
1001299,chr15,66661800,66662000,0,1,-1,-1,-6.658211483,6.44299E-33,1.7214E-30,36,1,2,0,0.666666667,3,0,0
1005718,chr15,72995200,72995600,0,1,-1,-1,-6.658211483,6.44299E-33,1.7214E-30,36,1,2,0,0.333333333,1.333333333,0,0
1009620,chr15,77789000,77789600,0,1,-1,-1,-6.658211483,6.44299E-33,1.7214E-30,36,1,2,0,0.333333333,2,0,0
1025356,chr16,816400,817000,0,1,-1,-1,-6.658211483,6.44299E-33,1.7214E-30,36,1,2,0,0.333333333,2.333333333,0,0
1027642,chr16,3068000,3068800,0,1,-1,-1,-6.658211483,6.44299E-33,1.7214E-30,36,1,2,0,0.666666667,2.333333333,0,0
1046638,chr16,29964400,29964600,0,1,-1,-1,-6.658211483,1.14618E-33,1.7214E-30,6,1,1,1,0.666666667,1.333333333,0,0
1064392,chr16,75486800,75487200,0,1,-1,-1,-6.658211483,6.44299E-33,1.7214E-30,36,1,2,0,0.333333333,2,0,0
1070240,chr16,85408800,85410800,0,1,-1,-1,-6.658211483,6.44299E-33,1.7214E-30,36,3,2.666666667,1,0.111111111,0.888888889,0,0
1072693,chr16,87993000,87993400,0,1,-1,-1,-6.658211483,6.44299E-33,1.7214E-30,36,2,2.5,0,0.166666667,1.666666667,0,0
1077137,chr17,2026200,2027800,0,1,-1,-1,-6.658211483,6.44299E-33,1.7214E-30,36,1,2,0,0.333333333,3,0,1
1085592,chr17,17508400,17508800,0,1,-1,-1,-6.658211483,6.44299E-33,1.7214E-30,36,1,2,0,0.333333333,2,0,0
1089431,chr17,26578400,26578800,0,1,-1,-1,-6.658211483,1.54211E-33,1.7214E-30,12,1,0,2,1,0.333333333,0,0
1101385,chr17,39952000,39952600,0,1,-1,-1,-6.658211483,6.44299E-33,1.7214E-30,36,1,2,0,0.333333333,2,0,0
1114412,chr17,57370600,57371000,0,1,-1,-1,-6.658211483,6.44299E-33,1.7214E-30,36,1,2,0,0.333333333,1.666666667,0,0
1128794,chr17,76243600,76243800,0,1,-1,-1,-6.658211483,6.44299E-33,1.7214E-30,36,1,2,0,0.333333333,1.666666667,0,0
1128797,chr17,76244600,76246800,0,1,-1,-1,-6.658211483,6.44299E-33,1.7214E-30,36,1,2,0,0.333333333,2,0,0
1133778,chr17,80869000,80869600,0,1,-1,-1,-6.658211483,6.44299E-33,1.7214E-30,36,1,2,0,0.333333333,1.333333333,0,0
1135308,chr18,823400,823800,0,1,-1,-1,-6.658211483,6.44299E-33,1.7214E-30,36,1,2,0,0.666666667,2,0,0
1136439,chr18,2830800,2831800,0,1,-1,-1,-6.658211483,6.44299E-33,1.7214E-30,36,1,2,0,0.333333333,2.333333333,0,0
1136672,chr18,3055800,3056600,0,1,-1,-1,-6.658211483,6.44299E-33,1.7214E-30,36,1,2,0,0.333333333,2,0,0
1152265,chr18,46354400,46356400,0,1,-1,-1,-6.658211483,6.44299E-33,1.7214E-30,36,1,2,0,0.333333333,2,0,0
1163327,chr19,3855400,3855800,0,1,-1,-1,-6.658211483,6.44299E-33,1.7214E-30,36,3,2.666666667,0.333333333,0.111111111,2.333333333,0,0.333333333
1164606,chr19,4987200,4988000,0,1,-1,-1,-6.658211483,6.44299E-33,1.7214E-30,36,2,2.5,0,0.166666667,1.833333333,0,0
1166149,chr19,6402200,6403000,0,1,-1,-1,-6.658211483,6.44299E-33,1.7214E-30,36,1,2,0,0.333333333,2.333333333,0,0
1169050,chr19,9737000,9737200,0,1,-1,-1,-6.658211483,6.44299E-33,1.7214E-30,36,1,2,0,0.333333333,1,0,0
1170605,chr19,11268800,11269200,0,1,-1,-1,-6.658211483,6.44299E-33,1.7214E-30,36,1,2,0,0.333333333,1,0,0
1172286,chr19,13091800,13092200,0,1,-1,-1,-6.658211483,6.44299E-33,1.7214E-30,36,1,2,0,0.333333333,1,0,0
1181549,chr19,30111800,30112400,0,1,-1,-1,-6.658211483,6.44299E-33,1.7214E-30,36,1,2,0,0.333333333,1.666666667,0,0
1189729,chr19,41092400,41092800,0,1,-1,-1,-6.658211483,1.14618E-33,1.7214E-30,6,1,1,1,0.666666667,0.666666667,0,0
1190076,chr19,41400200,41400600,0,1,-1,-1,-6.658211483,6.44299E-33,1.7214E-30,36,1,2,0,0.333333333,1.333333333,0,0
1192134,chr19,43951800,43952600,0,1,-1,-1,-6.658211483,6.44299E-33,1.7214E-30,36,1,2,0,0.333333333,2,0,0
1197195,chr19,48918600,48919200,0,1,-1,-1,-6.658211483,6.44299E-33,1.7214E-30,36,1,2,0,0.333333333,2.333333333,0,0
1235597,chr20,57189400,57189800,0,1,-1,-1,-6.658211483,6.44299E-33,1.7214E-30,36,1,2,0,0.333333333,1.333333333,0,0
1238123,chr20,61272400,61272800,0,1,-1,-1,-6.658211483,6.44299E-33,1.7214E-30,36,1,2,0,0.333333333,2.333333333,0,1
1254828,chr21,45258800,45259200,0,1,-1,-1,-6.658211483,6.44299E-33,1.7214E-30,36,1,2,0,0.333333333,2,0,0
1268014,chr22,36302600,36302800,0,1,-1,-1,-6.658211483,6.44299E-33,1.7214E-30,36,1,2,0,0.333333333,2.333333333,0,0
1271305,chr22,39892000,39892800,0,1,-1,-1,-6.658211483,6.44299E-33,1.7214E-30,36,1,2,0,0.333333333,1.666666667,0,0
29306,chr1,29459000,29459600,0,1,-1,-1,-6.658211483,5.63029E-21,7.58101E-19,194,1,1,2,0.666666667,0.666666667,0,0
164863,chr2,42280800,42281400,0,1,-1,-1,-6.658211483,5.63029E-21,7.58101E-19,194,1,1,2,0.666666667,0.333333333,0,0
242395,chr2,240152000,240152400,0,1,-1,-1,-6.658211483,5.63029E-21,7.58101E-19,194,1,1,2,0.666666667,0.333333333,0,0
348213,chr4,95818200,95818600,0,1,-1,-1,-6.658211483,5.63029E-21,7.58101E-19,194,1,1,2,0.666666667,0.666666667,0,0
512725,chr6,154760000,154760200,0,1,-1,-1,-6.658211483,5.63029E-21,7.58101E-19,194,1,1,2,0.666666667,0.333333333,0,0
516488,chr6,159165400,159166000,0,1,-1,-1,-6.658211483,5.63029E-21,7.58101E-19,194,1,1,2,0.666666667,0.333333333,0,0
533268,chr7,12687800,12688400,0,1,-1,-1,-6.658211483,5.63029E-21,7.58101E-19,194,1,1,2,0.666666667,0.333333333,0,0
614730,chr8,11872000,11872400,0,1,-1,-1,-6.658211483,5.63029E-21,7.58101E-19,194,1,1,2,0.666666667,0.666666667,0,0
828194,chr11,63276000,63276400,0,1,-1,-1,-6.658211483,5.63029E-21,7.58101E-19,194,1,1,2,0.666666667,0.333333333,0,0
1180819,chr19,28887200,28887600,0,1,-1,-1,-6.658211483,5.63029E-21,7.58101E-19,194,1,1,2,0.666666667,0.666666667,0,0
2122,chr1,1120600,1121400,0,1,-1,-1,-6.658211483,8.22374E-18,4.81103E-16,360,2,2.5,0.5,0.166666667,2,0,0.5
2896,chr1,1927600,1928000,0,1,-1,-1,-6.658211483,8.22374E-18,4.81103E-16,360,1,2,1,0.333333333,0.666666667,0,0
5476,chr1,5996800,5998400,0,1,-1,-1,-6.658211483,8.22374E-18,4.81103E-16,360,1,2,1,0.333333333,1.333333333,0,0
5776,chr1,6329800,6330400,0,1,-1,-1,-6.658211483,8.22374E-18,4.81103E-16,360,2,2.5,0.5,0.166666667,1.666666667,0,0.5
10330,chr1,10594400,10595000,0,1,-1,-1,-6.658211483,8.22374E-18,4.81103E-16,360,1,2,1,0.333333333,1,0,0
14991,chr1,16125400,16126400,0,1,-1,-1,-6.658211483,8.22374E-18,4.81103E-16,360,1,2,1,0.333333333,0.666666667,0,0
21087,chr1,22133000,22134000,0,1,-1,-1,-6.658211483,8.22374E-18,4.81103E-16,360,1,2,1,0.333333333,2.333333333,0,1
22600,chr1,23598400,23598800,0,1,-1,-1,-6.658211483,8.22374E-18,4.81103E-16,360,1,2,1,0.666666667,1,0,0
38245,chr1,39210000,39212000,0,1,-1,-1,-6.658211483,8.22374E-18,4.81103E-16,360,1,2,1,0.333333333,1,0,0
40113,chr1,41020200,41020800,0,1,-1,-1,-6.658211483,8.22374E-18,4.81103E-16,360,1,2,1,0.333333333,2,0,0
48226,chr1,51178800,51179800,0,1,-1,-1,-6.658211483,8.22374E-18,4.81103E-16,360,1,2,1,0.333333333,1.666666667,0,0
53238,chr1,56975200,56975600,0,1,-1,-1,-6.658211483,8.22374E-18,4.81103E-16,360,1,2,1,0.333333333,1,0,0
80778,chr1,147319600,147320000,0,1,-1,-1,-6.658211483,8.22374E-18,4.81103E-16,360,1,2,1,0.333333333,1,0,0
87116,chr1,156033200,156034000,0,1,-1,-1,-6.658211483,8.22374E-18,4.81103E-16,360,1,2,1,0.333333333,1,0,0
115947,chr1,206660600,206660800,0,1,-1,-1,-6.658211483,8.22374E-18,4.81103E-16,360,1,2,1,0.333333333,1.666666667,0,0
122893,chr1,220137000,220138400,0,1,-1,-1,-6.658211483,8.22374E-18,4.81103E-16,360,1,2,1,0.333333333,0.666666667,0,0
124604,chr1,223442600,223443000,0,1,-1,-1,-6.658211483,8.22374E-18,4.81103E-16,360,1,2,1,0.333333333,1,0,0
129317,chr1,228659200,228661000,0,1,-1,-1,-6.658211483,8.22374E-18,4.81103E-16,360,1,2,1,0.333333333,1,0,0
139671,chr1,246232000,246232200,0,1,-1,-1,-6.658211483,8.22374E-18,4.81103E-16,360,1,2,1,0.333333333,1,0,0
146344,chr2,8726800,8727400,0,1,-1,-1,-6.658211483,8.22374E-18,4.81103E-16,360,1,2,1,0.333333333,0.666666667,0,0
152521,chr2,19986800,19987400,0,1,-1,-1,-6.658211483,8.22374E-18,4.81103E-16,360,1,2,1,0.333333333,0.666666667,0,0
161521,chr2,33358800,33359200,0,1,-1,-1,-6.658211483,8.22374E-18,4.81103E-16,360,1,2,1,0.333333333,1,0,0
172475,chr2,58349600,58350200,0,1,-1,-1,-6.658211483,8.22374E-18,4.81103E-16,360,1,2,1,0.333333333,2.333333333,0,1
174708,chr2,63189000,63189400,0,1,-1,-1,-6.658211483,8.22374E-18,4.81103E-16,360,1,2,1,0.333333333,0.666666667,0,0
208981,chr2,146447800,146448200,0,1,-1,-1,-6.658211483,8.22374E-18,4.81103E-16,360,1,2,1,0.333333333,1,0,0
253396,chr3,14291000,14291600,0,1,-1,-1,-6.658211483,8.22374E-18,4.81103E-16,360,1,2,1,0.333333333,0.666666667,0,0
273988,chr3,50412000,50412200,0,1,-1,-1,-6.658211483,8.22374E-18,4.81103E-16,360,1,2,1,0.333333333,1,0,0
289991,chr3,129063600,129063800,0,1,-1,-1,-6.658211483,8.22374E-18,4.81103E-16,360,1,2,1,0.333333333,1.333333333,0,0
302987,chr3,170468600,170470600,0,1,-1,-1,-6.658211483,8.22374E-18,4.81103E-16,360,1,2,1,0.333333333,0.666666667,0,0
310850,chr3,186426800,186427200,0,1,-1,-1,-6.658211483,8.22374E-18,4.81103E-16,360,1,2,1,0.333333333,2.333333333,0,0
313620,chr3,194836600,194837600,0,1,-1,-1,-6.658211483,8.22374E-18,4.81103E-16,360,1,2,1,0.333333333,0.666666667,0,0
314722,chr3,195858000,195858400,0,1,-1,-1,-6.658211483,8.22374E-18,4.81103E-16,360,1,2,1,0.333333333,1.666666667,0,0
319218,chr4,1352200,1353000,0,1,-1,-1,-6.658211483,8.22374E-18,4.81103E-16,360,1,2,1,0.333333333,1,0,0
319658,chr4,1869400,1869800,0,1,-1,-1,-6.658211483,8.22374E-18,4.81103E-16,360,1,2,1,0.333333333,1,0,0
337280,chr4,56595600,56597600,0,1,-1,-1,-6.658211483,8.22374E-18,4.81103E-16,360,1,2,1,0.333333333,0.666666667,0,0
340438,chr4,74364000,74364400,0,1,-1,-1,-6.658211483,8.22374E-18,4.81103E-16,360,1,2,1,0.333333333,1,0,0
362140,chr4,153945000,153945400,0,1,-1,-1,-6.658211483,8.22374E-18,4.81103E-16,360,1,2,1,0.333333333,1,0,0
373183,chr5,1076400,1077000,0,1,-1,-1,-6.658211483,8.22374E-18,4.81103E-16,360,1,2,1,0.333333333,1.333333333,0,0
377283,chr5,10536600,10537000,0,1,-1,-1,-6.658211483,8.22374E-18,4.81103E-16,360,1,2,1,0.333333333,1.333333333,0,0
377909,chr5,12614400,12616800,0,1,-1,-1,-6.658211483,8.22374E-18,4.81103E-16,360,1,2,1,0.333333333,1.666666667,0,0
381193,chr5,32218000,32218400,0,1,-1,-1,-6.658211483,8.22374E-18,4.81103E-16,360,1,2,1,0.333333333,1,0,0
386338,chr5,42983200,42984800,0,1,-1,-1,-6.658211483,8.22374E-18,4.81103E-16,360,1,2,1,0.333333333,1.333333333,0,0
418200,chr5,139142200,139144400,0,1,-1,-1,-6.658211483,8.22374E-18,4.81103E-16,360,2,2.5,1.5,0.166666667,0.833333333,0,0
419499,chr5,140736400,140737200,0,1,-1,-1,-6.658211483,8.22374E-18,4.81103E-16,360,1,2,1,0.666666667,1,0,0
423075,chr5,148747600,148748200,0,1,-1,-1,-6.658211483,8.22374E-18,4.81103E-16,360,1,2,1,0.333333333,0.666666667,0,0
423098,chr5,148772200,148772800,0,1,-1,-1,-6.658211483,8.22374E-18,4.81103E-16,360,1,2,1,0.333333333,0.666666667,0,0
431673,chr5,172446000,172446800,0,1,-1,-1,-6.658211483,8.22374E-18,4.81103E-16,360,1,2,1,0.666666667,1,0,0
432284,chr5,173173400,173173600,0,1,-1,-1,-6.658211483,8.22374E-18,4.81103E-16,360,1,2,1,0.333333333,1,0,0
434813,chr5,176551800,176552400,0,1,-1,-1,-6.658211483,8.22374E-18,4.81103E-16,360,2,2.5,1,0.166666667,1.166666667,0,0
444168,chr6,4922800,4924200,0,1,-1,-1,-6.658211483,8.22374E-18,4.81103E-16,360,1,2,1,0.333333333,1,0,0
445808,chr6,6929000,6929400,0,1,-1,-1,-6.658211483,8.22374E-18,4.81103E-16,360,1,2,1,0.333333333,0.666666667,0,0
451178,chr6,14666000,14666600,0,1,-1,-1,-6.658211483,8.22374E-18,4.81103E-16,360,1,2,1,0.333333333,1.666666667,0,0
452477,chr6,15901200,15902400,0,1,-1,-1,-6.658211483,8.22374E-18,4.81103E-16,360,1,2,1,0.333333333,0.666666667,0,0
452482,chr6,15904600,15905400,0,1,-1,-1,-6.658211483,8.22374E-18,4.81103E-16,360,1,2,1,0.333333333,1,0,0
459276,chr6,27642800,27643200,0,1,-1,-1,-6.658211483,8.22374E-18,4.81103E-16,360,1,2,1,0.333333333,1.333333333,0,0
463757,chr6,32167600,32168200,0,1,-1,-1,-6.658211483,8.22374E-18,4.81103E-16,360,1,2,1,0.333333333,0.666666667,0,0
467369,chr6,35674800,35675800,0,1,-1,-1,-6.658211483,8.22374E-18,4.81103E-16,360,1,2,1,0.333333333,0.666666667,0,0
473402,chr6,42151600,42152000,0,1,-1,-1,-6.658211483,8.22374E-18,4.81103E-16,360,1,2,1,0.666666667,1.333333333,0,0
525587,chr7,384000,384400,0,1,-1,-1,-6.658211483,8.22374E-18,4.81103E-16,360,1,2,1,0.333333333,1.333333333,0,0
531739,chr7,7087200,7088200,0,1,-1,-1,-6.658211483,8.22374E-18,4.81103E-16,360,1,2,1,0.333333333,1,0,0
541847,chr7,32886000,32886600,0,1,-1,-1,-6.658211483,8.22374E-18,4.81103E-16,360,1,2,1,0.333333333,1.333333333,0,0
544337,chr7,39277600,39277800,0,1,-1,-1,-6.658211483,8.22374E-18,4.81103E-16,360,1,2,1,0.333333333,0.666666667,0,0
559171,chr7,76235400,76235800,0,1,-1,-1,-6.658211483,8.22374E-18,4.81103E-16,360,1,2,1,0.333333333,0.666666667,0,0
565031,chr7,97072200,97072600,0,1,-1,-1,-6.658211483,8.22374E-18,4.81103E-16,360,1,2,1,0.333333333,1,0,0
584829,chr7,129865200,129866000,0,1,-1,-1,-6.658211483,8.22374E-18,4.81103E-16,360,1,2,1,0.333333333,1.333333333,0,0
594139,chr7,139842600,139843000,0,1,-1,-1,-6.658211483,8.22374E-18,4.81103E-16,360,1,2,1,0.666666667,1.333333333,0,0
610874,chr8,2645800,2646400,0,1,-1,-1,-6.658211483,8.22374E-18,4.81103E-16,360,1,2,1,0.333333333,1,0,0
614084,chr8,11207600,11209000,0,1,-1,-1,-6.658211483,8.22374E-18,4.81103E-16,360,1,2,1,0.333333333,1,0,0
618676,chr8,22743600,22744800,0,1,-1,-1,-6.658211483,8.22374E-18,4.81103E-16,360,1,2,1,0.333333333,1.333333333,0,0
619358,chr8,23363200,23363400,0,1,-1,-1,-6.658211483,8.22374E-18,4.81103E-16,360,1,2,1,0.333333333,1.666666667,0,0
628474,chr8,42623600,42624200,0,1,-1,-1,-6.658211483,8.22374E-18,4.81103E-16,360,1,2,1,0.333333333,0.666666667,0,0
647564,chr8,103823000,103823800,0,1,-1,-1,-6.658211483,8.22374E-18,4.81103E-16,360,1,2,1,0.333333333,0.666666667,0,0
653264,chr8,125451800,125452600,0,1,-1,-1,-6.658211483,8.22374E-18,4.81103E-16,360,1,2,1,0.333333333,0.666666667,0,0
660656,chr8,142302000,142302200,0,1,-1,-1,-6.658211483,8.22374E-18,4.81103E-16,360,1,2,1,0.333333333,2,0,0
662219,chr8,144017600,144018200,0,1,-1,-1,-6.658211483,8.22374E-18,4.81103E-16,360,1,2,1,0.333333333,1,0,0
665226,chr9,259800,260400,0,1,-1,-1,-6.658211483,8.22374E-18,4.81103E-16,360,1,2,1,0.333333333,0.666666667,0,0
666617,chr9,5499600,5499800,0,1,-1,-1,-6.658211483,8.22374E-18,4.81103E-16,360,1,2,1,0.333333333,1,0,0
681606,chr9,96572200,96574000,0,1,-1,-1,-6.658211483,8.22374E-18,4.81103E-16,360,1,2,1,0.333333333,1.333333333,0,0
695743,chr9,126025400,126026200,0,1,-1,-1,-6.658211483,8.22374E-18,4.81103E-16,360,1,2,1,0.333333333,0.666666667,0,0
700439,chr9,130904800,130905800,0,1,-1,-1,-6.658211483,8.22374E-18,4.81103E-16,360,1,2,1,0.333333333,1.333333333,0,0
701939,chr9,132209200,132209800,0,1,-1,-1,-6.658211483,8.22374E-18,4.81103E-16,360,1,2,1,0.333333333,0.666666667,0,0
701968,chr9,132227400,132228200,0,1,-1,-1,-6.658211483,8.22374E-18,4.81103E-16,360,1,2,1,0.333333333,2,0,1
702445,chr9,132719200,132719800,0,1,-1,-1,-6.658211483,8.22374E-18,4.81103E-16,360,1,2,1,0.333333333,1,0,0
706134,chr9,136997200,136997800,0,1,-1,-1,-6.658211483,8.22374E-18,4.81103E-16,360,1,2,1,0.333333333,1,0,0
706296,chr9,137207800,137208600,0,1,-1,-1,-6.658211483,8.22374E-18,4.81103E-16,360,2,2.5,0.5,0.166666667,1,0,0
744979,chr10,11745600,11746200,0,1,-1,-1,-6.658211483,8.22374E-18,4.81103E-16,360,1,2,1,0.333333333,2.333333333,0,0
767884,chr10,69633400,69634600,0,1,-1,-1,-6.658211483,8.22374E-18,4.81103E-16,360,2,2.5,0.5,0.166666667,1.5,0,0
768843,chr10,70473800,70474800,0,1,-1,-1,-6.658211483,8.22374E-18,4.81103E-16,360,1,2,1,0.333333333,1.666666667,0,0
788574,chr10,104523800,104525400,0,1,-1,-1,-6.658211483,8.22374E-18,4.81103E-16,360,1,2,1,0.333333333,0.666666667,0,0
795445,chr10,126430200,126430400,0,1,-1,-1,-6.658211483,8.22374E-18,4.81103E-16,360,1,2,1,0.333333333,0.666666667,0,0
796717,chr10,130353800,130354400,0,1,-1,-1,-6.658211483,8.22374E-18,4.81103E-16,360,1,2,1,0.333333333,1.333333333,0,0
801820,chr11,1864000,1865200,0,1,-1,-1,-6.658211483,8.22374E-18,4.81103E-16,360,1,2,1,0.333333333,1,0,0
817021,chr11,34007400,34007800,0,1,-1,-1,-6.658211483,8.22374E-18,4.81103E-16,360,1,2,1,0.333333333,1.333333333,0,0
820375,chr11,44634600,44637800,0,1,-1,-1,-6.658211483,8.22374E-18,4.81103E-16,360,1,2,1,0.333333333,0.666666667,0,0
829097,chr11,64054200,64055800,0,1,-1,-1,-6.658211483,8.22374E-18,4.81103E-16,360,1,2,1,0.333333333,1,0,0
833083,chr11,67779600,67782600,0,1,-1,-1,-6.658211483,8.22374E-18,4.81103E-16,360,1,2,1,0.333333333,1.333333333,0,0
840093,chr11,75100600,75101600,0,1,-1,-1,-6.658211483,8.22374E-18,4.81103E-16,360,1,2,1,0.333333333,0.666666667,0,0
841088,chr11,76146400,76146800,0,1,-1,-1,-6.658211483,8.22374E-18,4.81103E-16,360,1,2,1,0.333333333,1,0,0
841294,chr11,76364800,76365200,0,1,-1,-1,-6.658211483,8.22374E-18,4.81103E-16,360,1,2,1,0.333333333,1.333333333,0,0
866290,chr12,2950200,2951200,0,1,-1,-1,-6.658211483,8.22374E-18,4.81103E-16,360,1,2,1,0.333333333,0.666666667,0,0
885910,chr12,54399600,54400000,0,1,-1,-1,-6.658211483,8.22374E-18,4.81103E-16,360,1,2,1,0.333333333,1,0,0
893025,chr12,70447200,70447600,0,1,-1,-1,-6.658211483,8.22374E-18,4.81103E-16,360,1,2,1,0.333333333,1,0,0
900620,chr12,99139400,99139800,0,1,-1,-1,-6.658211483,8.22374E-18,4.81103E-16,360,1,2,1,0.333333333,0.666666667,0,0
905793,chr12,109089800,109090600,0,1,-1,-1,-6.658211483,8.22374E-18,4.81103E-16,360,1,2,1,0.333333333,1,0,0
912024,chr12,116697800,116698000,0,1,-1,-1,-6.658211483,8.22374E-18,4.81103E-16,360,1,2,1,0.333333333,1.333333333,0,0
914193,chr12,119992600,119992800,0,1,-1,-1,-6.658211483,8.22374E-18,4.81103E-16,360,1,2,1,0.333333333,0.666666667,0,0
919313,chr12,124912600,124913400,0,1,-1,-1,-6.658211483,8.22374E-18,4.81103E-16,360,1,2,1,0.333333333,0.666666667,0,0
922269,chr12,131479200,131480200,0,1,-1,-1,-6.658211483,8.22374E-18,4.81103E-16,360,1,2,1,0.333333333,2,0,0
923221,chr12,132335800,132336200,0,1,-1,-1,-6.658211483,8.22374E-18,4.81103E-16,360,1,2,1,0.333333333,1.333333333,0,0
923272,chr12,132369400,132369600,0,1,-1,-1,-6.658211483,8.22374E-18,4.81103E-16,360,1,2,1,0.666666667,2,0,0
923999,chr12,133177800,133178200,0,1,-1,-1,-6.658211483,8.22374E-18,4.81103E-16,360,1,2,1,0.333333333,0.666666667,0,0
935368,chr13,60275200,60275800,0,1,-1,-1,-6.658211483,8.22374E-18,4.81103E-16,360,1,2,1,0.333333333,1.333333333,0,0
947879,chr14,21738600,21738800,0,1,-1,-1,-6.658211483,8.22374E-18,4.81103E-16,360,1,2,1,0.333333333,1.666666667,0,0
961609,chr14,74100600,74101200,0,1,-1,-1,-6.658211483,8.22374E-18,4.81103E-16,360,1,2,1,0.333333333,1,0,0
996947,chr15,62344600,62344800,0,1,-1,-1,-6.658211483,8.22374E-18,4.81103E-16,360,1,2,1,0.333333333,1,0,0
1005563,chr15,72806200,72806600,0,1,-1,-1,-6.658211483,8.22374E-18,4.81103E-16,360,1,2,1,0.333333333,1.666666667,0,0
1008306,chr15,75882800,75883000,0,1,-1,-1,-6.658211483,8.22374E-18,4.81103E-16,360,1,2,1,0.333333333,1.666666667,0,0
1020812,chr15,96514200,96515200,0,1,-1,-1,-6.658211483,8.22374E-18,4.81103E-16,360,1,2,1,0.333333333,1.333333333,0,0
1024616,chr16,124200,125600,0,1,-1,-1,-6.658211483,8.22374E-18,4.81103E-16,360,2,2.5,1.5,0.166666667,0.833333333,0,0
1024782,chr16,297000,297400,0,1,-1,-1,-6.658211483,8.22374E-18,4.81103E-16,360,2,2.5,1,0.166666667,1.166666667,0,0
1025116,chr16,569000,569200,0,1,-1,-1,-6.658211483,8.22374E-18,4.81103E-16,360,1,2,1,0.333333333,0.666666667,0,0
1030091,chr16,5257000,5257400,0,1,-1,-1,-6.658211483,8.22374E-18,4.81103E-16,360,1,2,1,0.333333333,0.666666667,0,0
1038302,chr16,17965400,17965800,0,1,-1,-1,-6.658211483,8.22374E-18,4.81103E-16,360,1,2,1,0.333333333,0.666666667,0,0
1038952,chr16,19143800,19144800,0,1,-1,-1,-6.658211483,8.22374E-18,4.81103E-16,360,1,2,1,0.333333333,0.666666667,0,0
1044308,chr16,26909000,26909600,0,1,-1,-1,-6.658211483,8.22374E-18,4.81103E-16,360,1,2,1,0.333333333,1.666666667,0,0
1046121,chr16,29303200,29305000,0,1,-1,-1,-6.658211483,8.22374E-18,4.81103E-16,360,1,2,1,0.333333333,1.333333333,0,0
1053858,chr16,56409400,56410400,0,1,-1,-1,-6.658211483,8.22374E-18,4.81103E-16,360,1,2,1,0.333333333,0.666666667,0,0
1063323,chr16,74455200,74455600,0,1,-1,-1,-6.658211483,8.22374E-18,4.81103E-16,360,2,2.5,1.5,0.166666667,1.166666667,0,0
1067218,chr16,81222800,81223400,0,1,-1,-1,-6.658211483,8.22374E-18,4.81103E-16,360,1,2,1,0.333333333,1.333333333,0,0
1076570,chr17,1496000,1496400,0,1,-1,-1,-6.658211483,8.22374E-18,4.81103E-16,360,1,2,1,0.333333333,1.333333333,0,0
1090037,chr17,27231000,27232200,0,1,-1,-1,-6.658211483,8.22374E-18,4.81103E-16,360,1,2,1,0.333333333,0.666666667,0,0
1101529,chr17,40108600,40109400,0,1,-1,-1,-6.658211483,8.22374E-18,4.81103E-16,360,1,2,1,0.333333333,2.333333333,0,0
1103473,chr17,41958600,41959000,0,1,-1,-1,-6.658211483,8.22374E-18,4.81103E-16,360,1,2,1,0.333333333,0.666666667,0,0
1104544,chr17,42848600,42849400,0,1,-1,-1,-6.658211483,8.22374E-18,4.81103E-16,360,1,2,1,0.333333333,2,0,0
1106189,chr17,44812000,44812400,0,1,-1,-1,-6.658211483,8.22374E-18,4.81103E-16,360,1,2,1,0.333333333,1,0,0
1110439,chr17,48869400,48869800,0,1,-1,-1,-6.658211483,8.22374E-18,4.81103E-16,360,1,2,1,0.333333333,1,0,0
1110443,chr17,48877000,48877400,0,1,-1,-1,-6.658211483,8.22374E-18,4.81103E-16,360,1,2,1,0.333333333,1,0,0
1127820,chr17,75321000,75321600,0,1,-1,-1,-6.658211483,8.22374E-18,4.81103E-16,360,1,2,1,0.333333333,0.666666667,0,0
1127971,chr17,75434600,75435400,0,1,-1,-1,-6.658211483,8.22374E-18,4.81103E-16,360,1,2,1,0.333333333,1.333333333,0,0
1132858,chr17,80086200,80086600,0,1,-1,-1,-6.658211483,8.22374E-18,4.81103E-16,360,3,2.666666667,1.333333333,0.111111111,1.888888889,0,0.333333333
1133485,chr17,80650400,80650600,0,1,-1,-1,-6.658211483,8.22374E-18,4.81103E-16,360,1,2,1,0.333333333,1.666666667,0,0
1151655,chr18,44698200,44700000,0,1,-1,-1,-6.658211483,8.22374E-18,4.81103E-16,360,1,2,1,0.333333333,1.333333333,0,0
1156052,chr18,67627000,67627400,0,1,-1,-1,-6.658211483,8.22374E-18,4.81103E-16,360,1,2,1,0.333333333,1.333333333,0,0
1165845,chr19,6093000,6093200,0,1,-1,-1,-6.658211483,8.22374E-18,4.81103E-16,360,1,2,1,0.333333333,1,0,0
1169670,chr19,10347400,10347600,0,1,-1,-1,-6.658211483,8.22374E-18,4.81103E-16,360,1,2,1,0.333333333,1,0,0
1169768,chr19,10446800,10447400,0,1,-1,-1,-6.658211483,8.22374E-18,4.81103E-16,360,1,2,1,0.333333333,0.666666667,0,0
1170238,chr19,10861000,10861600,0,1,-1,-1,-6.658211483,8.22374E-18,4.81103E-16,360,1,2,1,0.333333333,0.666666667,0,0
1171812,chr19,12682000,12682400,0,1,-1,-1,-6.658211483,8.22374E-18,4.81103E-16,360,1,2,1,0.333333333,0.666666667,0,0
1173600,chr19,14218400,14218800,0,1,-1,-1,-6.658211483,8.22374E-18,4.81103E-16,360,1,2,1,0.333333333,1.333333333,0,0
1173857,chr19,14429600,14430200,0,1,-1,-1,-6.658211483,8.22374E-18,4.81103E-16,360,5,2.8,1.4,0.066666667,0.866666667,0,0
1174407,chr19,14889800,14892400,0,1,-1,-1,-6.658211483,8.22374E-18,4.81103E-16,360,1,2,1,0.666666667,0.666666667,0,0
1178216,chr19,18503800,18504200,0,1,-1,-1,-6.658211483,8.22374E-18,4.81103E-16,360,1,2,1,0.333333333,1,0,0
1189540,chr19,40932800,40934000,0,1,-1,-1,-6.658211483,8.22374E-18,4.81103E-16,360,1,2,1,0.333333333,1.333333333,0,0
1192992,chr19,45096200,45097200,0,1,-1,-1,-6.658211483,8.22374E-18,4.81103E-16,360,1,2,1,0.333333333,1,0,0
1195413,chr19,47265200,47266000,0,1,-1,-1,-6.658211483,8.22374E-18,4.81103E-16,360,1,2,1,0.333333333,0.666666667,0,0
1195714,chr19,47530200,47531400,0,1,-1,-1,-6.658211483,8.22374E-18,4.81103E-16,360,2,2.5,1,0.166666667,1,0,0
1195989,chr19,47812800,47813400,0,1,-1,-1,-6.658211483,8.22374E-18,4.81103E-16,360,1,2,1,0.333333333,1,0,0
1197375,chr19,49078400,49078600,0,1,-1,-1,-6.658211483,8.22374E-18,4.81103E-16,360,1,2,1,0.333333333,0.666666667,0,0
1199395,chr19,50839200,50840600,0,1,-1,-1,-6.658211483,8.22374E-18,4.81103E-16,360,1,2,1,0.333333333,0.666666667,0,0
1205039,chr19,56655600,56656600,0,1,-1,-1,-6.658211483,8.22374E-18,4.81103E-16,360,2,2.5,0.5,0.166666667,1,0,0
1208480,chr20,2645800,2646000,0,1,-1,-1,-6.658211483,8.22374E-18,4.81103E-16,360,1,2,1,0.333333333,0.666666667,0,0
1215963,chr20,31270000,31270800,0,1,-1,-1,-6.658211483,8.22374E-18,4.81103E-16,360,1,2,1,0.333333333,1.333333333,0,0
1217029,chr20,32380600,32382200,0,1,-1,-1,-6.658211483,8.22374E-18,4.81103E-16,360,1,2,1,0.333333333,0.666666667,0,0
1219323,chr20,34496400,34499400,0,1,-1,-1,-6.658211483,8.22374E-18,4.81103E-16,360,1,2,1,0.333333333,0.666666667,0,0
1221859,chr20,36971000,36972200,0,1,-1,-1,-6.658211483,8.22374E-18,4.81103E-16,360,1,2,1,0.333333333,1,0,0
1225845,chr20,43952200,43952600,0,1,-1,-1,-6.658211483,8.22374E-18,4.81103E-16,360,1,2,1,0.333333333,1.333333333,0,0
1230036,chr20,48658000,48658200,0,1,-1,-1,-6.658211483,8.22374E-18,4.81103E-16,360,1,2,1,0.333333333,1,0,0
1238254,chr20,61398400,61398600,0,1,-1,-1,-6.658211483,8.22374E-18,4.81103E-16,360,1,2,1,0.333333333,1,0,0
1265407,chr22,30634600,30635000,0,1,-1,-1,-6.658211483,8.22374E-18,4.81103E-16,360,1,2,1,0.333333333,0.666666667,0,0
1266158,chr22,31579400,31580400,0,1,-1,-1,-6.658211483,8.22374E-18,4.81103E-16,360,1,2,1,0.333333333,0.666666667,0,0
1266532,chr22,32061200,32061800,0,1,-1,-1,-6.658211483,8.22374E-18,4.81103E-16,360,1,2,1,0.333333333,1.333333333,0,0
1270613,chr22,39184000,39184800,0,1,-1,-1,-6.658211483,8.22374E-18,4.81103E-16,360,1,2,1,0.333333333,1.333333333,0,0
1271060,chr22,39686600,39687400,0,1,-1,-1,-6.658211483,8.22374E-18,4.81103E-16,360,1,2,1,0.333333333,1,0,0
1271401,chr22,40002600,40003000,0,1,-1,-1,-6.658211483,8.22374E-18,4.81103E-16,360,1,2,1,0.333333333,1.333333333,0,0
1271649,chr22,40308800,40310400,0,1,-1,-1,-6.658211483,8.22374E-18,4.81103E-16,360,1,2,1,0.333333333,2,0,1
1271665,chr22,40323800,40326000,0,1,-1,-1,-6.658211483,8.22374E-18,4.81103E-16,360,2,2.5,1.5,0.166666667,0.666666667,0,0
1277801,chr22,48486200,48486400,0,1,-1,-1,-6.658211483,8.22374E-18,4.81103E-16,360,1,2,1,0.333333333,1,0,0
1278502,chr22,50098800,50099400,0,1,-1,-1,-6.658211483,8.22374E-18,4.81103E-16,360,1,2,1,0.333333333,1,0,0
192777,chr2,103007000,103008600,0,1,-1,-1,-6.658211483,7.55131E-11,3.32326E-09,770,2,2,1.5,0.333333333,0.5,0,0
1218414,chr20,33701400,33702200,0,1,-1,-1,-6.658211483,7.55131E-11,3.32326E-09,770,2,2,1.5,0.333333333,0.5,0,0