id,Chromosome,Start,End,mean.mean.MLP,mean.mean.MPP,Difference,mean.mean.diff,mean.mean.quot.log2,comb.p.val,comb.p.adj.fdr,combinedRank,num.sites,mean.num.na.MLP,mean.num.na.MPP,mean.mean.covg.MLP,mean.mean.covg.MPP,mean.nsamples.covg.thres5.MLP,mean.nsamples.covg.thres5.MPP
442128,chr6,2985600,2986800,1,0,1,1,6.658211483,2.55929E-63,8.97363E-59,1,1,0,0,3.333333333,1.333333333,0,0
70164,chr1,110428600,110430800,1,0,1,1,6.658211483,3.64892E-49,9.13873E-46,7,1,0,1,1.333333333,1,0,0
201320,chr2,121695000,121696400,1,0,1,1,6.658211483,3.64892E-49,9.13873E-46,7,1,0,1,2.666666667,0.666666667,0,0
240473,chr2,236366600,236368200,1,0,1,1,6.658211483,3.64892E-49,9.13873E-46,7,1,0,1,1,0.666666667,0,0
313023,chr3,194270600,194271400,1,0,1,1,6.658211483,3.64892E-49,9.13873E-46,7,1,0,1,2.666666667,1.666666667,1,0
465982,chr6,34523400,34524800,1,0,1,1,6.658211483,3.64892E-49,9.13873E-46,7,1,0,1,1.333333333,0.666666667,0,0
506558,chr6,144144800,144145200,1,0,1,1,6.658211483,3.64892E-49,9.13873E-46,7,1,0,1,1.333333333,1,0,0
567882,chr7,99980000,99980400,1,0,1,1,6.658211483,2.34988E-49,9.13873E-46,6,1,1,0,2.333333333,1,1,0
927577,chr13,26985000,26985400,1,0,1,1,6.658211483,3.64892E-49,9.13873E-46,7,1,0,1,1.333333333,0.666666667,0,0
1110362,chr17,48787400,48788600,1,0,1,1,6.658211483,3.64892E-49,9.13873E-46,7,1,0,1,2.333333333,1,0,0
35285,chr1,36256800,36257600,1,0,1,1,6.658211483,5.40631E-33,2.54924E-30,37,1,1,1,1.333333333,1.666666667,0,0
69490,chr1,109834200,109834600,1,0,1,1,6.658211483,7.27032E-33,2.54924E-30,52,1,0,2,1,0.333333333,0,0
76333,chr1,117661000,117661200,1,0,1,1,6.658211483,7.27032E-33,2.54924E-30,52,1,0,2,3.333333333,0.333333333,1,0
86734,chr1,155661600,155662400,1,0,1,1,6.658211483,7.27032E-33,2.54924E-30,52,1,0,2,2,0.333333333,0,0
114366,chr1,204775800,204776000,1,0,1,1,6.658211483,7.27032E-33,2.54924E-30,52,1,0,2,2,0.333333333,0,0
148416,chr2,10575800,10577400,1,0,1,1,6.658211483,7.27032E-33,2.54924E-30,52,1,0,2,2.666666667,0.333333333,1,0
184256,chr2,85534000,85534200,1,0,1,1,6.658211483,7.27032E-33,2.54924E-30,52,1,0,2,2.333333333,0.333333333,0,0
234793,chr2,219284400,219285400,1,0,1,1,6.658211483,5.40631E-33,2.54924E-30,37,1,1,1,2.333333333,0.666666667,1,0
270238,chr3,46580200,46581000,1,0,1,1,6.658211483,5.40631E-33,2.54924E-30,37,1,1,1,0.666666667,0.666666667,0,0
290196,chr3,129296800,129297200,1,0,1,1,6.658211483,7.27032E-33,2.54924E-30,52,1,0,2,1.666666667,0.333333333,0,0
308593,chr3,184031400,184031600,1,0,1,1,6.658211483,7.27032E-33,2.54924E-30,52,1,0,2,2,0.333333333,0,0
312252,chr3,193462400,193463600,1,0,1,1,6.658211483,7.27032E-33,2.54924E-30,52,1,0,2,1.666666667,0.333333333,0,0
315478,chr3,196500600,196501000,1,0,1,1,6.658211483,7.27032E-33,2.54924E-30,52,1,0,2,1,0.333333333,0,0
320706,chr4,2867800,2868200,1,0,1,1,6.658211483,5.40631E-33,2.54924E-30,37,1,1,1,1.333333333,0.666666667,0,0
424848,chr5,150476000,150479200,1,0,1,1,6.658211483,7.27032E-33,2.54924E-30,52,1,0,2,1.333333333,0.333333333,0,0
516070,chr6,158760800,158761400,1,0,1,1,6.658211483,7.27032E-33,2.54924E-30,52,1,0,2,1.666666667,1,0,0
534806,chr7,20371000,20371200,1,0,1,1,6.658211483,5.40631E-33,2.54924E-30,37,1,1,1,0.666666667,0.666666667,0,0
569594,chr7,101557600,101558400,1,0,1,1,6.658211483,7.27032E-33,2.54924E-30,52,1,0,2,1.333333333,0.333333333,0,0
613596,chr8,10625200,10625800,1,0,1,1,6.658211483,7.27032E-33,2.54924E-30,52,1,0,2,1.666666667,0.333333333,0,0
647553,chr8,103809600,103810200,1,0,1,1,6.658211483,7.27032E-33,2.54924E-30,52,1,0,2,3,0.333333333,0,0
653737,chr8,125949200,125950600,1,0,1,1,6.658211483,7.27032E-33,2.54924E-30,52,1,0,2,2.333333333,0.333333333,0,0
654216,chr8,126429600,126430400,1,0,1,1,6.658211483,5.40631E-33,2.54924E-30,37,1,1,1,2.333333333,0.666666667,1,0
662896,chr8,144581800,144582000,1,0,1,1,6.658211483,7.27032E-33,2.54924E-30,52,1,0,2,1.333333333,0.666666667,0,0
672527,chr9,37469200,37469600,1,0,1,1,6.658211483,7.27032E-33,2.54924E-30,52,1,0,2,1.333333333,0.333333333,0,0
704891,chr9,135869000,135870400,1,0,1,1,6.658211483,7.27032E-33,2.54924E-30,52,1,0,2,2.333333333,0.333333333,0,0
756087,chr10,32208800,32209200,1,0,1,1,6.658211483,7.27032E-33,2.54924E-30,52,1,0,2,2.666666667,0.333333333,0,0
918789,chr12,124454800,124455000,1,0,1,1,6.658211483,5.40631E-33,2.54924E-30,37,1,1,1,1,0.666666667,0,0
919257,chr12,124871200,124871600,1,0,1,1,6.658211483,7.27032E-33,2.54924E-30,52,1,0,2,3.666666667,0.666666667,1,0
971910,chr14,102616000,102617600,1,0,1,1,6.658211483,7.27032E-33,2.54924E-30,52,1,0,2,1.666666667,0.333333333,0,0
998613,chr15,64188400,64190000,1,0,1,1,6.658211483,7.27032E-33,2.54924E-30,52,1,0,2,2,0.333333333,0,0
1013045,chr15,82325800,82326200,1,0,1,1,6.658211483,7.27032E-33,2.54924E-30,52,1,0,2,2,0.333333333,0,0
1018310,chr15,91229200,91229600,1,0,1,1,6.658211483,7.27032E-33,2.54924E-30,52,1,0,2,1.666666667,0.333333333,0,0
1088093,chr17,21755200,21756200,1,0,1,1,6.658211483,7.27032E-33,2.54924E-30,52,1,0,2,2.333333333,0.333333333,0,0
1095194,chr17,33358800,33359200,1,0,1,1,6.658211483,5.40631E-33,2.54924E-30,37,1,1,1,1,0.666666667,0,0
1101533,chr17,40111000,40111200,1,0,1,1,6.658211483,7.27032E-33,2.54924E-30,52,1,0,2,1.333333333,1,0,0
1102612,chr17,41163600,41164200,1,0,1,1,6.658211483,7.27032E-33,2.54924E-30,52,1,0,2,2,0.333333333,0,0
1106752,chr17,45318000,45318200,1,0,1,1,6.658211483,7.27032E-33,2.54924E-30,52,1,0,2,1.666666667,0.333333333,0,0
1107087,chr17,45708400,45709400,1,0,1,1,6.658211483,7.27032E-33,2.54924E-30,52,1,0,2,1.333333333,0.333333333,0,0
1131747,chr17,78960800,78962400,1,0,1,1,6.658211483,7.27032E-33,2.54924E-30,52,2,0.5,2.5,1.833333333,0.166666667,0.5,0
1179133,chr19,19381000,19381600,1,0,1,1,6.658211483,7.27032E-33,2.54924E-30,52,1,0,2,2.666666667,0.333333333,0,0
1199187,chr19,50646800,50647000,1,0,1,1,6.658211483,7.27032E-33,2.54924E-30,52,1,0,2,1.666666667,0.333333333,0,0
1212993,chr20,21683800,21684000,1,0,1,1,6.658211483,7.27032E-33,2.54924E-30,52,1,0,2,4,0.333333333,1,0
1223965,chr20,42098600,42099600,1,0,1,1,6.658211483,7.27032E-33,2.54924E-30,52,2,0,2.5,2.333333333,0.166666667,0,0
1254826,chr21,45258200,45258400,1,0,1,1,6.658211483,7.27032E-33,2.54924E-30,52,1,0,2,3,0.333333333,0,0
20714,chr1,21781600,21781800,1,0,1,1,6.658211483,4.9152E-20,6.28984E-18,263,1,2,1,0.333333333,0.666666667,0,0
528028,chr7,2664000,2665200,1,0,1,1,6.658211483,4.9152E-20,6.28984E-18,263,1,2,1,0.333333333,0.666666667,0,0
803844,chr11,4039600,4040000,1,0,1,1,6.658211483,4.9152E-20,6.28984E-18,263,1,2,1,0.333333333,0.666666667,0,0
959400,chr14,68844000,68844600,1,0,1,1,6.658211483,4.9152E-20,6.28984E-18,263,1,2,1,0.333333333,1,0,0
1081978,chr17,8099600,8100200,1,0,1,1,6.658211483,4.9152E-20,6.28984E-18,263,1,2,1,0.333333333,0.666666667,0,0
1092186,chr17,29419400,29421000,1,0,1,1,6.658211483,4.9152E-20,6.28984E-18,263,1,2,1,0.333333333,1,0,0
1185134,chr19,35411000,35411800,1,0,1,1,6.658211483,4.9152E-20,6.28984E-18,263,1,2,1,0.333333333,1,0,0
83810,chr1,152010400,152011400,1,0,1,1,6.658211483,9.31407E-18,6.65131E-16,400,1,1,2,1,0.333333333,0,0
102150,chr1,180528800,180529200,1,0,1,1,6.658211483,9.31407E-18,6.65131E-16,400,1,1,2,1.333333333,0.333333333,0,0
140420,chr1,246945200,246945400,1,0,1,1,6.658211483,9.31407E-18,6.65131E-16,400,1,1,2,0.666666667,0.333333333,0,0
178800,chr2,70335000,70336600,1,0,1,1,6.658211483,9.31407E-18,6.65131E-16,400,1,1,2,1,0.333333333,0,0
182439,chr2,74814200,74814600,1,0,1,1,6.658211483,9.31407E-18,6.65131E-16,400,1,1,2,1.333333333,0.666666667,0,0
219764,chr2,173927200,173927600,1,0,1,1,6.658211483,9.31407E-18,6.65131E-16,400,1,1,2,0.666666667,0.333333333,0,0
234578,chr2,219088000,219088200,1,0,1,1,6.658211483,9.31407E-18,6.65131E-16,400,1,1,2,1,0.333333333,0,0
240517,chr2,236416000,236416400,1,0,1,1,6.658211483,9.31407E-18,6.65131E-16,400,1,1,2,1.666666667,0.333333333,0,0
241715,chr2,239023000,239023400,1,0,1,1,6.658211483,9.31407E-18,6.65131E-16,400,1,1,2,0.666666667,0.333333333,0,0
247152,chr3,5036000,5039000,1,0,1,1,6.658211483,9.31407E-18,6.65131E-16,400,1,1,2,1,0.333333333,0,0
257913,chr3,24525200,24525600,1,0,1,1,6.658211483,9.31407E-18,6.65131E-16,400,1,1,2,1.333333333,0.333333333,0,0
295260,chr3,141942000,141942600,1,0,1,1,6.658211483,9.31407E-18,6.65131E-16,400,1,1,2,1,0.333333333,0,0
332862,chr4,40192400,40192600,1,0,1,1,6.658211483,9.31407E-18,6.65131E-16,400,1,1,2,1,0.333333333,0,0
341729,chr4,77119000,77119400,1,0,1,1,6.658211483,9.31407E-18,6.65131E-16,400,1,1,2,0.666666667,0.333333333,0,0
365760,chr4,173093400,173093800,1,0,1,1,6.658211483,9.31407E-18,6.65131E-16,400,1,1,2,1.666666667,0.333333333,0,0
377477,chr5,10704800,10705400,1,0,1,1,6.658211483,9.31407E-18,6.65131E-16,400,1,1,2,0.666666667,0.333333333,0,0
421237,chr5,142634200,142634600,1,0,1,1,6.658211483,9.31407E-18,6.65131E-16,400,1,1,2,1,0.333333333,0,0
437925,chr5,180035400,180035800,1,0,1,1,6.658211483,9.31407E-18,6.65131E-16,400,1,1,2,0.666666667,0.333333333,0,0
459426,chr6,27754200,27756200,1,0,1,1,6.658211483,9.31407E-18,6.65131E-16,400,1,1,2,1.333333333,0.333333333,0,0
478375,chr6,50789200,50790200,1,0,1,1,6.658211483,9.31407E-18,6.65131E-16,400,1,1,2,1.666666667,0.333333333,0,0
521895,chr6,168211800,168213000,1,0,1,1,6.658211483,9.31407E-18,6.65131E-16,400,1,1,2,1.333333333,0.333333333,0,0
529299,chr7,4718600,4719000,1,0,1,1,6.658211483,9.31407E-18,6.65131E-16,400,2,0.5,2.5,1.5,0.166666667,0,0
531007,chr7,6288000,6288600,1,0,1,1,6.658211483,9.31407E-18,6.65131E-16,400,1,1,2,1.333333333,0.333333333,0,0
556307,chr7,72944800,72945000,1,0,1,1,6.658211483,9.31407E-18,6.65131E-16,400,1,1,2,1,0.333333333,0,0
558237,chr7,75403000,75403400,1,0,1,1,6.658211483,9.31407E-18,6.65131E-16,400,1,1,2,0.666666667,0.333333333,0,0
582083,chr7,127460200,127460800,1,0,1,1,6.658211483,9.31407E-18,6.65131E-16,400,1,1,2,0.666666667,0.333333333,0,0
598937,chr7,148788400,148789000,1,0,1,1,6.658211483,9.31407E-18,6.65131E-16,400,1,1,2,1.666666667,0.333333333,0,0
694186,chr9,124248400,124248800,1,0,1,1,6.658211483,9.31407E-18,6.65131E-16,400,1,1,2,1.666666667,0.333333333,0,0
695799,chr9,126079400,126079800,1,0,1,1,6.658211483,9.31407E-18,6.65131E-16,400,1,1,2,0.666666667,0.333333333,0,0
809532,chr11,12824000,12825200,1,0,1,1,6.658211483,9.31407E-18,6.65131E-16,400,1,1,2,0.666666667,0.333333333,0,0
833233,chr11,67902000,67902400,1,0,1,1,6.658211483,9.31407E-18,6.65131E-16,400,1,1,2,0.666666667,0.333333333,0,0
844311,chr11,85819400,85820800,1,0,1,1,6.658211483,9.31407E-18,6.65131E-16,400,1,1,2,0.666666667,0.333333333,0,0
855941,chr11,118784800,118785800,1,0,1,1,6.658211483,9.31407E-18,6.65131E-16,400,1,1,2,1,0.333333333,0,0
856553,chr11,119351600,119351800,1,0,1,1,6.658211483,9.31407E-18,6.65131E-16,400,1,1,2,1.333333333,0.333333333,0,0
871396,chr12,14410400,14411800,1,0,1,1,6.658211483,9.31407E-18,6.65131E-16,400,1,1,2,0.666666667,0.333333333,0,0
873332,chr12,25131400,25132200,1,0,1,1,6.658211483,9.31407E-18,6.65131E-16,400,1,1,2,1,0.333333333,0,0
897898,chr12,94092200,94093400,1,0,1,1,6.658211483,9.31407E-18,6.65131E-16,400,1,1,2,1,0.333333333,0,0
899426,chr12,95955600,95956600,1,0,1,1,6.658211483,9.31407E-18,6.65131E-16,400,1,1,2,2,0.333333333,0,0
901684,chr12,102250600,102251000,1,0,1,1,6.658211483,9.31407E-18,6.65131E-16,400,1,1,2,0.666666667,0.333333333,0,0
920487,chr12,127383200,127384400,1,0,1,1,6.658211483,9.31407E-18,6.65131E-16,400,1,1,2,0.666666667,0.666666667,0,0
920574,chr12,127562400,127562800,1,0,1,1,6.658211483,9.31407E-18,6.65131E-16,400,1,1,2,1,0.333333333,0,0
925352,chr13,20352000,20352200,1,0,1,1,6.658211483,9.31407E-18,6.65131E-16,400,1,1,2,1.666666667,0.333333333,0,0
948585,chr14,23247000,23247200,1,0,1,1,6.658211483,9.31407E-18,6.65131E-16,400,1,1,2,0.666666667,0.333333333,0,0
952293,chr14,35824800,35825200,1,0,1,1,6.658211483,9.31407E-18,6.65131E-16,400,1,1,2,1.333333333,0.333333333,0,0
954157,chr14,51395400,51396200,1,0,1,1,6.658211483,9.31407E-18,6.65131E-16,400,1,1,2,0.666666667,0.333333333,0,0
966818,chr14,91848400,91849200,1,0,1,1,6.658211483,9.31407E-18,6.65131E-16,400,1,1,2,1.666666667,0.333333333,0,0
967617,chr14,93389400,93390200,1,0,1,1,6.658211483,9.31407E-18,6.65131E-16,400,1,1,2,1,0.333333333,0,0
973045,chr14,103823400,103825200,1,0,1,1,6.658211483,9.31407E-18,6.65131E-16,400,1,1,2,0.666666667,0.333333333,0,0
978331,chr15,28340000,28340800,1,0,1,1,6.658211483,9.31407E-18,6.65131E-16,400,2,1.5,2.5,0.666666667,0.166666667,0,0
981723,chr15,35087200,35088000,1,0,1,1,6.658211483,9.31407E-18,6.65131E-16,400,1,1,2,2,0.333333333,0,0
998606,chr15,64183000,64183200,1,0,1,1,6.658211483,9.31407E-18,6.65131E-16,400,1,1,2,0.666666667,0.333333333,0,0
1020801,chr15,96487600,96487800,1,0,1,1,6.658211483,9.31407E-18,6.65131E-16,400,1,1,2,0.666666667,0.333333333,0,0
1046011,chr16,29194000,29195000,1,0,1,1,6.658211483,9.31407E-18,6.65131E-16,400,1,1,2,1.666666667,0.333333333,0,0
1046462,chr16,29783600,29784600,1,0,1,1,6.658211483,9.31407E-18,6.65131E-16,400,1,1,2,0.666666667,0.333333333,0,0
1073775,chr16,89231400,89232400,1,0,1,1,6.658211483,9.31407E-18,6.65131E-16,400,1,1,2,1.666666667,0.333333333,0,0
1073820,chr16,89260600,89261600,1,0,1,1,6.658211483,9.31407E-18,6.65131E-16,400,1,1,2,0.666666667,0.333333333,0,0
1099481,chr17,37897400,37898200,1,0,1,1,6.658211483,9.31407E-18,6.65131E-16,400,1,1,2,0.666666667,0.333333333,0,0
1118551,chr17,62213200,62213400,1,0,1,1,6.658211483,9.31407E-18,6.65131E-16,400,1,1,2,0.666666667,0.666666667,0,0
1119744,chr17,63656800,63657000,1,0,1,1,6.658211483,9.31407E-18,6.65131E-16,400,1,1,2,2.666666667,0.333333333,0,0
1120913,chr17,65380600,65380800,1,0,1,1,6.658211483,9.31407E-18,6.65131E-16,400,1,1,2,0.666666667,0.333333333,0,0
1121324,chr17,65794000,65794400,1,0,1,1,6.658211483,9.31407E-18,6.65131E-16,400,1,1,2,0.666666667,0.333333333,0,0
1124127,chr17,72210600,72211200,1,0,1,1,6.658211483,9.31407E-18,6.65131E-16,400,1,1,2,1.666666667,0.333333333,0,0
1125117,chr17,73069000,73070400,1,0,1,1,6.658211483,9.31407E-18,6.65131E-16,400,1,1,2,0.666666667,0.333333333,0,0
1126468,chr17,74193200,74193600,1,0,1,1,6.658211483,9.31407E-18,6.65131E-16,400,1,1,2,1.666666667,0.333333333,0,0
1128020,chr17,75470600,75471200,1,0,1,1,6.658211483,9.31407E-18,6.65131E-16,400,1,1,2,0.666666667,0.333333333,0,0
1140124,chr18,9741800,9744000,1,0,1,1,6.658211483,9.31407E-18,6.65131E-16,400,1,1,2,1,0.333333333,0,0
1177635,chr19,18059800,18060800,1,0,1,1,6.658211483,9.31407E-18,6.65131E-16,400,1,1,2,0.666666667,0.333333333,0,0
1199871,chr19,51243800,51244000,1,0,1,1,6.658211483,9.31407E-18,6.65131E-16,400,1,1,2,0.666666667,0.333333333,0,0
1214861,chr20,30176400,30178400,1,0,1,1,6.658211483,9.31407E-18,6.65131E-16,400,1,1,2,0.666666667,0.333333333,0,0
1215967,chr20,31273400,31274200,1,0,1,1,6.658211483,9.31407E-18,6.65131E-16,400,1,1,2,0.666666667,0.333333333,0,0
1271135,chr22,39762800,39763200,1,0,1,1,6.658211483,9.31407E-18,6.65131E-16,400,1,1,2,0.666666667,0.666666667,0,0
1077681,chr17,2689800,2690000,0.916666667,0,0.916666667,0.916666667,6.528121278,6.03994E-19,6.83156E-17,310,2,0.5,2,2,0.333333333,0,0
666775,chr9,5826200,5826800,1,0.166666667,0.833333333,0.833333333,4.767403035,3.59668E-32,5.512E-30,673,3,0.666666667,1.666666667,1.333333333,0.666666667,0,0
632113,chr8,56855000,56855200,1,0.166666667,0.833333333,0.833333333,4.10744247,1.45444E-19,1.71707E-17,861,2,1,2,1.666666667,0.833333333,0,0
864429,chr12,193200,193800,1,0.25,0.75,0.75,3.821998812,2.05324E-36,3.13012E-33,876,2,0,2,2.666666667,0.5,0.5,0
613518,chr8,10535000,10535800,1,0.25,0.75,0.75,1.957771765,2.51183E-32,5.512E-30,1521,1,0,2,2.333333333,1.333333333,0,0
863838,chr12,53346000,53346600,1,0.25,0.75,0.75,1.957771765,1.7625E-17,1.2308E-15,1521,1,1,2,0.666666667,1.333333333,0,0
666314,chr9,4848800,4849200,1,0.25,0.75,0.75,3.821998812,1.22222E-11,6.32076E-10,876,2,1.5,1,0.5,0.666666667,0,0
91083,chr1,161458000,161459400,1,0.333333333,0.666666667,0.666666667,1.556673456,2.6867E-32,5.512E-30,1794,1,0,2,1,1,0,0
285948,chr3,122190000,122190800,1,0.333333333,0.666666667,0.666666667,1.556673456,2.6867E-32,5.512E-30,1794,1,0,2,1.333333333,1,0,0
796722,chr10,130367800,130368200,1,0.333333333,0.666666667,0.666666667,1.556673456,2.6867E-32,5.512E-30,1794,1,0,2,1.666666667,1,0,0
907844,chr12,111234600,111235200,1,0.333333333,0.666666667,0.666666667,1.556673456,2.6867E-32,5.512E-30,1794,1,0,2,2,1,0,0
1047104,chr16,30533400,30534000,1,0.333333333,0.666666667,0.666666667,1.556673456,2.6867E-32,5.512E-30,1794,1,0,2,2.333333333,1,0,0
429393,chr5,169209000,169209400,1,0.333333333,0.666666667,0.666666667,1.556673456,1.82459E-17,1.2308E-15,1794,1,1,2,1,1,0,0
1078128,chr17,3562800,3563400,1,0.333333333,0.666666667,0.666666667,1.556673456,1.82459E-17,1.2308E-15,1794,1,1,2,0.666666667,1,0,0
886255,chr12,54682200,54683800,0.916666667,0.25,0.666666667,0.666666667,3.691908607,2.55994E-10,1.2589E-08,886,2,0.5,1.5,1.333333333,0.5,0,0
1128018,chr17,75468400,75469400,1,0.354166667,0.645833333,0.645833333,1.474049199,3.86121E-19,4.45347E-17,1931,2,0,1.5,3.5,1.333333333,0.5,0
1070587,chr16,85751200,85752400,0.861111111,0.222222222,0.638888889,0.638888889,4.407932218,5.14697E-20,6.56247E-18,759,3,0.666666667,0.333333333,1.666666667,1.222222222,0,0
1132237,chr17,79361800,79363000,0.972222222,0.333333333,0.638888889,0.638888889,4.397396685,5.1978E-08,2.27813E-06,800,3,0.333333333,1.333333333,2,0.888888889,0,0
1159256,chr19,55836400,55837000,1,0.375,0.625,0.625,3.534247726,9.50018E-19,1.01556E-16,940,2,1,1.5,1.333333333,0.833333333,0,0
2829,chr1,1841800,1842800,1,0.4,0.6,0.6,1.300659478,2.82196E-32,5.512E-30,2047,1,0,2,3,1.666666667,1,1
475448,chr6,43969800,43970000,1,0.4,0.6,0.6,1.300659478,2.82196E-32,5.512E-30,2047,1,0,2,4,1.666666667,0,1
1132822,chr17,80061600,80062400,0.962962963,0.375,0.587962963,0.569444444,3.45017743,3.26057E-10,1.5704E-08,963,3,0.333333333,2,2.111111111,0.666666667,0,0
667238,chr9,7056400,7057000,0.833333333,0.25,0.583333333,0.583333333,3.533079779,1.00474E-18,1.04849E-16,944,2,0,1,1.166666667,0.833333333,0,0
1197998,chr19,49575200,49575600,0.833333333,0.25,0.583333333,0.583333333,3.533079779,1.05391E-18,1.09653E-16,944,2,0,1.5,2,0.833333333,0,0
665105,chr9,43000,43400,0.833333333,0.25,0.583333333,0.5,3.329105741,1.20663E-18,1.23348E-16,978,3,0.333333333,2,1.555555556,0.444444444,0,0
1046446,chr16,29767200,29768000,1,0.416666667,0.583333333,0.583333333,1.271229799,1.19711E-18,1.23348E-16,2085,2,0,1.5,2.333333333,1,0.5,0
660812,chr8,142409200,142410600,0.833333333,0.25,0.583333333,0.583333333,3.533079779,1.67063E-11,8.55145E-10,944,2,1,0.5,0.666666667,1.166666667,0,0
1075438,chr17,234800,235000,0.583333333,0,0.583333333,0.583333333,5.89077093,1.8569E-05,0.000706933,921,1,1,0,2.333333333,1.333333333,0,0
878533,chr12,45731400,45733000,0.583333333,0,0.583333333,0.583333333,5.89077093,0.000116921,0.004145191,989,1,0,1,3.333333333,1.333333333,0,0
665139,chr9,95400,95600,0.791666667,0.25,0.541666667,0.541666667,3.438278536,6.68349E-28,9.33638E-26,964,2,0,1,3.333333333,0.666666667,0,0
1132130,chr17,79274000,79274400,0.502380952,0,0.502380952,0.502380952,5.67914494,0.001728943,0.055565463,1091,1,0,1,5.333333333,1.333333333,2,0
825584,chr11,59961200,59962400,0.5,0,0.5,0.5,5.672425342,1.05358E-48,2.46277E-45,705,1,0,1,2,1,0,0
796730,chr10,130371000,130372000,1,0.5,0.5,0.5,0.985786141,8.78291E-48,1.53978E-44,2361,1,0,1,2,1.333333333,0,0
1094577,chr17,32256200,32257000,1,0.5,0.5,0.5,0.985786141,8.78291E-48,1.53978E-44,2361,1,0,1,4.333333333,1.333333333,1,0
1178241,chr19,18518800,18519400,1,0.5,0.5,0.5,0.985786141,8.78291E-48,1.53978E-44,2361,1,0,1,5,1.333333333,2,0
1254783,chr21,45225200,45226000,1,0.5,0.5,0.5,0.985786141,8.78291E-48,1.53978E-44,2361,1,0,1,3.333333333,1.333333333,0,0
1217197,chr20,32561200,32561600,0.5,0,0.5,0.5,5.672425342,1.63308E-47,2.7267E-44,705,1,1,0,1.333333333,1,0,0
55175,chr1,62193800,62194800,0.5,0,0.5,0.5,5.672425342,5.40642E-33,2.54924E-30,705,1,1,1,1.333333333,0.666666667,0,0
71860,chr1,112204800,112205000,1,0.5,0.5,0.5,0.985786141,2.64815E-33,2.54924E-30,2361,1,1,1,1,1.333333333,0,0
528047,chr7,2676600,2677000,1,0.5,0.5,1,6.658211483,7.27032E-33,2.54924E-30,52,2,1.5,2,0.666666667,0.333333333,0,0
1164491,chr19,4871200,4872400,1,0.5,0.5,0.5,0.985786141,2.64815E-33,2.54924E-30,2361,1,1,1,1.333333333,1.333333333,0,0
1199224,chr19,50679600,50679800,0.5,0,0.5,0.5,5.672425342,7.27046E-33,2.54924E-30,705,1,2,0,0.666666667,1.666666667,0,0
1208832,chr20,3065400,3066000,1,0.5,0.5,0.5,0.985786141,2.64815E-33,2.54924E-30,2361,1,1,1,1,1.333333333,0,0
27216,chr1,27690200,27691200,1,0.5,0.5,0.5,0.985786141,3.03046E-32,5.512E-30,2361,1,0,2,2.666666667,0.666666667,0,0
43501,chr1,44402200,44402600,1,0.5,0.5,0.5,0.985786141,3.03046E-32,5.512E-30,2361,1,0,2,1.333333333,0.666666667,0,0
84937,chr1,153955400,153955600,1,0.5,0.5,0.5,0.985786141,3.03046E-32,5.512E-30,2361,1,0,2,2.333333333,0.666666667,0,0
156626,chr2,26685200,26686000,1,0.5,0.5,0.5,0.985786141,3.03046E-32,5.512E-30,2361,1,0,2,1.666666667,0.666666667,0,0
161416,chr2,33242400,33243400,1,0.5,0.5,0.5,0.985786141,3.03046E-32,5.512E-30,2361,1,0,2,1,0.666666667,0,0
168778,chr2,47213600,47214200,1,0.5,0.5,0.5,0.985786141,3.03046E-32,5.512E-30,2361,1,0,2,2,0.666666667,0,0
237143,chr2,228367600,228368000,1,0.5,0.5,0.5,0.985786141,3.03046E-32,5.512E-30,2361,1,0,2,2.666666667,0.666666667,0,0
251046,chr3,11681800,11682600,1,0.5,0.5,0.5,0.985786141,3.03046E-32,5.512E-30,2361,1,0,2,2.333333333,0.666666667,0,0
281677,chr3,88083600,88084600,1,0.5,0.5,0.5,0.985786141,3.03046E-32,5.512E-30,2361,1,0,2,2,0.666666667,0,0
322171,chr4,4326800,4328200,1,0.5,0.5,0.5,0.985786141,3.03046E-32,5.512E-30,2361,1,0,2,2.666666667,0.666666667,0,0
325391,chr4,8310200,8311000,1,0.5,0.5,0.5,0.985786141,3.03046E-32,5.512E-30,2361,1,0,2,1.333333333,0.666666667,0,0
399336,chr5,78839200,78839400,1,0.5,0.5,0.5,0.985786141,3.03046E-32,5.512E-30,2361,1,0,2,2,0.666666667,0,0
406257,chr5,108764400,108764600,1,0.5,0.5,0.5,0.985786141,3.03046E-32,5.512E-30,2361,1,0,2,1.666666667,0.666666667,0,0
413318,chr5,132585600,132585800,1,0.5,0.5,0.5,0.985786141,3.03046E-32,5.512E-30,2361,1,0,2,3.666666667,0.666666667,0,0
432281,chr5,173170200,173172800,1,0.5,0.5,0.5,0.985786141,3.03046E-32,5.512E-30,2361,1,0,2,2.333333333,0.666666667,1,0
444392,chr6,5103400,5104200,1,0.5,0.5,0.5,0.985786141,3.03046E-32,5.512E-30,2361,1,0,2,1.666666667,0.666666667,0,0
453967,chr6,17713600,17716000,1,0.5,0.5,0.5,0.985786141,3.03046E-32,5.512E-30,2361,1,0,2,1.666666667,0.666666667,0,0
460216,chr6,28512200,28512400,1,0.5,0.5,0.5,0.985786141,3.03046E-32,5.512E-30,2361,1,0,2,1,0.666666667,0,0
598733,chr7,148640000,148640400,1,0.5,0.5,0.5,0.985786141,3.03046E-32,5.512E-30,2361,1,0,2,4.333333333,0.666666667,2,0
669131,chr9,33239000,33239200,1,0.5,0.5,0.5,0.985786141,3.03046E-32,5.512E-30,2361,1,0,2,2.333333333,0.666666667,0,0
763623,chr10,51524600,51525400,1,0.5,0.5,0.5,0.985786141,3.03046E-32,5.512E-30,2361,1,0,2,2,0.666666667,0,0
781998,chr10,93373400,93373800,1,0.5,0.5,0.5,0.985786141,3.03046E-32,5.512E-30,2361,1,0,2,1.333333333,0.666666667,0,0
824148,chr11,57211800,57212200,1,0.5,0.5,0.5,0.985786141,3.03046E-32,5.512E-30,2361,1,0,2,2,1.333333333,0,0
829531,chr11,64426600,64427800,1,0.5,0.5,0.5,0.985786141,3.03046E-32,5.512E-30,2361,1,0,2,2.333333333,0.666666667,1,0
840232,chr11,75231600,75232200,1,0.5,0.5,0.5,0.985786141,3.03046E-32,5.512E-30,2361,1,0,2,4.333333333,0.666666667,1,0
852957,chr11,114103000,114103800,1,0.5,0.5,0.5,0.985786141,3.03046E-32,5.512E-30,2361,1,0,2,1.333333333,0.666666667,0,0
858295,chr11,122626000,122626600,1,0.5,0.5,0.5,0.985786141,3.03046E-32,5.512E-30,2361,1,0,2,1.666666667,0.666666667,0,0
888095,chr12,57373400,57373800,1,0.5,0.5,0.5,0.985786141,3.03046E-32,5.512E-30,2361,1,0,2,5.666666667,0.666666667,2,0
899889,chr12,96628000,96628200,1,0.5,0.5,0.5,0.985786141,3.03046E-32,5.512E-30,2361,1,0,2,1,0.666666667,0,0
916283,chr12,122057600,122058600,1,0.5,0.5,0.5,0.985786141,3.03046E-32,5.512E-30,2361,1,0,2,1,0.666666667,0,0
948373,chr14,22987400,22989200,1,0.5,0.5,0.5,0.985786141,3.03046E-32,5.512E-30,2361,1,0,2,1.666666667,0.666666667,0,0
949292,chr14,23889200,23889600,1,0.5,0.5,0.5,0.985786141,3.03046E-32,5.512E-30,2361,1,0,2,2.333333333,0.666666667,0,0
978084,chr15,27901800,27902200,1,0.5,0.5,0.5,0.985786141,3.03046E-32,5.512E-30,2361,1,0,2,3.333333333,1.333333333,0,0
997920,chr15,63575400,63575800,1,0.5,0.5,0.5,0.985786141,3.03046E-32,5.512E-30,2361,1,0,2,3,0.666666667,1,0
998089,chr15,63771600,63772000,1,0.5,0.5,0.5,0.985786141,3.03046E-32,5.512E-30,2361,1,0,2,2,0.666666667,0,0
1025773,chr16,1346200,1346800,1,0.5,0.5,0.5,0.985786141,3.03046E-32,5.512E-30,2361,1,0,2,1.333333333,0.666666667,0,0
1048001,chr16,31445600,31446000,1,0.5,0.5,0.5,0.985786141,3.03046E-32,5.512E-30,2361,1,0,2,2.666666667,0.666666667,0,0
1067513,chr16,81514400,81517400,1,0.5,0.5,0.5,0.985786141,3.03046E-32,5.512E-30,2361,1,0,2,3,0.666666667,0,0
1094583,chr17,32261400,32262000,1,0.5,0.5,0.5,0.985786141,3.03046E-32,5.512E-30,2361,1,0,2,2.333333333,0.666666667,0,0
1098983,chr17,37479200,37479600,1,0.5,0.5,0.5,0.985786141,3.03046E-32,5.512E-30,2361,1,0,2,1.666666667,0.666666667,0,0
1108964,chr17,47528800,47529400,1,0.5,0.5,0.5,0.985786141,3.03046E-32,5.512E-30,2361,1,0,2,1.333333333,0.666666667,0,0
1125116,chr17,73068600,73069000,1,0.5,0.5,0.5,0.985786141,3.03046E-32,5.512E-30,2361,1,0,2,1.666666667,0.666666667,0,0
1136642,chr18,3026600,3028200,1,0.5,0.5,0.5,0.985786141,3.03046E-32,5.512E-30,2361,1,0,2,4.333333333,0.666666667,1,0
1142170,chr18,12616400,12616600,1,0.5,0.5,0.5,0.985786141,3.03046E-32,5.512E-30,2361,1,0,2,3,0.666666667,0,0
1152098,chr18,46069200,46070200,1,0.5,0.5,0.5,0.985786141,3.03046E-32,5.512E-30,2361,1,0,2,1.666666667,0.666666667,0,0
1165874,chr19,6112000,6112200,1,0.5,0.5,0.5,0.985786141,3.03046E-32,5.512E-30,2361,1,0,2,2.333333333,1.333333333,0,0
1178080,chr19,18379400,18379600,1,0.5,0.5,0.5,0.985786141,3.03046E-32,5.512E-30,2361,1,0,2,1.666666667,0.666666667,0,0
1193855,chr19,45821000,45821200,1,0.5,0.5,0.5,0.985786141,3.03046E-32,5.512E-30,2361,1,0,2,2.666666667,0.666666667,0,0
1194968,chr19,46807000,46807400,1,0.5,0.5,0.5,0.985786141,3.03046E-32,5.512E-30,2361,1,0,2,3,0.666666667,1,0
1199710,chr19,51109600,51110000,1,0.5,0.5,0.5,0.985786141,3.03046E-32,5.512E-30,2361,1,0,2,2.333333333,0.666666667,0,0
1202844,chr19,54523800,54524000,1,0.5,0.5,0.5,0.985786141,3.03046E-32,5.512E-30,2361,1,0,2,2.666666667,0.666666667,0,0
1214039,chr20,25188200,25189000,1,0.5,0.5,0.5,0.985786141,3.03046E-32,5.512E-30,2361,1,0,2,2.333333333,0.666666667,0,0
1223105,chr20,39764400,39765000,1,0.5,0.5,0.5,0.985786141,3.03046E-32,5.512E-30,2361,1,0,2,1.333333333,0.666666667,0,0
1238217,chr20,61372400,61372600,1,0.5,0.5,0.5,0.985786141,3.03046E-32,5.512E-30,2361,1,0,2,1,0.666666667,0,0
1271198,chr22,39826000,39826400,1,0.5,0.5,0.5,0.985786141,3.03046E-32,5.512E-30,2361,1,0,2,2,0.666666667,0,0
1232615,chr20,51798200,51798800,1,0.5,0.5,0.5,3.329105741,7.86308E-28,1.09406E-25,978,2,0,0.5,1.833333333,1.166666667,0,0
964135,chr14,77607200,77607800,1,0.5,0.5,1,6.658211483,4.9152E-20,6.28984E-18,263,2,2.5,1,0.166666667,0.666666667,0,0
85367,chr1,154461200,154462600,0.5,0,0.5,0.5,5.672425342,1.02439E-19,1.23856E-17,705,1,2,1,0.666666667,1,0,0
435906,chr5,177846800,177847400,0.5,0,0.5,0.5,5.672425342,1.02439E-19,1.23856E-17,705,1,2,1,0.666666667,0.666666667,0,0
1110152,chr17,48617400,48617800,0.5,0,0.5,0.5,5.672425342,1.02439E-19,1.23856E-17,705,1,2,1,0.666666667,0.666666667,0,0
1126585,chr17,74273400,74273800,1,0.5,0.5,0.5,0.985786141,1.02439E-19,1.23856E-17,2361,1,2,1,1.333333333,1.333333333,0,0
1175593,chr19,16283800,16284200,0.5,0,0.5,0.5,5.672425342,1.02439E-19,1.23856E-17,705,1,2,1,0.666666667,1.333333333,0,0
315731,chr3,196728600,196729200,1,0.5,0.5,0.5,3.329105741,6.65764E-19,7.4107E-17,978,2,0,1.5,1.833333333,0.5,0.5,0
440146,chr6,658200,658600,1,0.5,0.5,0.5,3.329105741,6.65764E-19,7.4107E-17,978,2,0,1.5,1.833333333,1,0,0
473189,chr6,41974200,41975600,1,0.5,0.5,0.5,3.329105741,6.65764E-19,7.4107E-17,978,2,0.5,1,1.833333333,0.666666667,0,0
572499,chr7,104911000,104912000,1,0.5,0.5,0.5,3.329105741,6.65764E-19,7.4107E-17,978,2,0,1.5,2,0.666666667,0,0
464859,chr6,33464600,33465000,1,0.5,0.5,0.5,3.329105741,8.36803E-19,9.16013E-17,978,2,0.5,1.5,2.5,0.5,0,0
868134,chr12,6655000,6655800,1,0.5,0.5,0.5,3.329105741,8.60416E-19,9.36918E-17,978,2,0.5,2,2,0.333333333,0,0
2484,chr1,1527200,1527400,1,0.5,0.5,0.5,3.329105741,9.88756E-19,1.03489E-16,978,2,0,2,2.5,0.333333333,0,0
313629,chr3,194841200,194842200,1,0.5,0.5,0.5,3.329105741,9.88756E-19,1.03489E-16,978,2,0,2,3,0.5,0.5,0
655833,chr8,130065400,130065800,1,0.5,0.5,0.5,3.329105741,9.88756E-19,1.03489E-16,978,2,0,2,3.166666667,0.666666667,0.5,0
1127875,chr17,75365800,75366200,1,0.5,0.5,0.5,3.329105741,9.88756E-19,1.03489E-16,978,2,0,2,1.833333333,0.666666667,0,0
1179380,chr19,19626000,19626200,1,0.5,0.5,0.5,3.329105741,9.88756E-19,1.03489E-16,978,2,0,2,3.666666667,0.333333333,1,0
1204396,chr19,55974400,55977200,1,0.5,0.5,0.5,3.329105741,9.88756E-19,1.03489E-16,978,2,0,2,2.5,0.333333333,0.5,0
1273959,chr22,42809600,42810600,1,0.5,0.5,0.5,3.329105741,9.88756E-19,1.03489E-16,978,2,0,2,2.833333333,0.5,0,0
1188376,chr19,39693800,39695000,1,0.5,0.5,0.5,3.329105741,1.20663E-18,1.23348E-16,978,2,0.5,1.5,1.666666667,0.5,0,0
1198926,chr19,50351000,50353600,1,0.5,0.5,0.5,3.329105741,1.20663E-18,1.23348E-16,978,2,0,1,2,1.833333333,0,0.5
11484,chr1,11901000,11903200,1,0.5,0.5,0.5,0.985786141,1.94118E-17,1.2308E-15,2361,1,1,2,0.666666667,0.666666667,0,0
24158,chr1,25009800,25010000,1,0.5,0.5,0.5,0.985786141,1.94118E-17,1.2308E-15,2361,1,1,2,1.666666667,0.666666667,0,0
31150,chr1,31625600,31626000,1,0.5,0.5,0.5,0.985786141,1.94118E-17,1.2308E-15,2361,1,1,2,3,0.666666667,1,0
77804,chr1,120409400,120409800,1,0.5,0.5,0.5,0.985786141,1.94118E-17,1.2308E-15,2361,1,1,2,1.333333333,0.666666667,0,0
85178,chr1,154283200,154284000,1,0.5,0.5,0.5,0.985786141,1.94118E-17,1.2308E-15,2361,1,1,2,0.666666667,0.666666667,0,0
132925,chr1,233733800,233734800,1,0.5,0.5,0.5,0.985786141,1.94118E-17,1.2308E-15,2361,1,1,2,1,0.666666667,0,0
140723,chr1,247279200,247279400,1,0.5,0.5,0.5,0.985786141,1.94118E-17,1.2308E-15,2361,1,1,2,1.333333333,0.666666667,0,0
148533,chr2,10678000,10678400,1,0.5,0.5,0.5,0.985786141,1.94118E-17,1.2308E-15,2361,1,1,2,1.333333333,0.666666667,0,0
169158,chr2,47618800,47619200,1,0.5,0.5,0.5,0.985786141,1.94118E-17,1.2308E-15,2361,1,1,2,1.666666667,0.666666667,0,0
171056,chr2,54806600,54807600,1,0.5,0.5,0.5,0.985786141,1.94118E-17,1.2308E-15,2361,1,1,2,1,0.666666667,0,0
193334,chr2,105677600,105678600,1,0.5,0.5,0.5,0.985786141,1.94118E-17,1.2308E-15,2361,1,1,2,2,0.666666667,0,0
242815,chr2,240736000,240736400,1,0.5,0.5,0.5,0.985786141,1.94118E-17,1.2308E-15,2361,1,1,2,0.666666667,0.666666667,0,0
261274,chr3,33940800,33941000,1,0.5,0.5,0.5,0.985786141,1.94118E-17,1.2308E-15,2361,1,1,2,1.333333333,0.666666667,0,0
271806,chr3,48080000,48080600,1,0.5,0.5,0.5,0.985786141,1.94118E-17,1.2308E-15,2361,1,1,2,1.333333333,0.666666667,0,0
273452,chr3,49918000,49918800,1,0.5,0.5,0.5,0.985786141,1.94118E-17,1.2308E-15,2361,1,1,2,1.666666667,0.666666667,0,0
298237,chr3,151939200,151939800,1,0.5,0.5,0.5,0.985786141,1.94118E-17,1.2308E-15,2361,1,1,2,1.333333333,0.666666667,0,0
319867,chr4,2074400,2075200,1,0.5,0.5,0.5,0.985786141,1.94118E-17,1.2308E-15,2361,1,1,2,1.333333333,0.666666667,0,0
418906,chr5,139785200,139785600,1,0.5,0.5,0.5,0.985786141,1.94118E-17,1.2308E-15,2361,1,1,2,2,0.666666667,0,0
440274,chr6,782400,782600,1,0.5,0.5,0.5,0.985786141,1.94118E-17,1.2308E-15,2361,1,1,2,0.666666667,0.666666667,0,0
459377,chr6,27712600,27713400,1,0.5,0.5,0.5,0.985786141,1.94118E-17,1.2308E-15,2361,1,1,2,1.666666667,0.666666667,0,0
461068,chr6,29521000,29521200,1,0.5,0.5,0.5,0.985786141,1.94118E-17,1.2308E-15,2361,1,1,2,1.666666667,0.666666667,0,0
488437,chr6,97696400,97696800,1,0.5,0.5,0.5,0.985786141,1.94118E-17,1.2308E-15,2361,1,1,2,0.666666667,0.666666667,0,0
518776,chr6,161939200,161939600,1,0.5,0.5,0.5,0.985786141,1.94118E-17,1.2308E-15,2361,1,1,2,1.666666667,0.666666667,0,0
526108,chr7,898200,898400,1,0.5,0.5,0.5,0.985786141,1.94118E-17,1.2308E-15,2361,1,1,2,2.333333333,0.666666667,0,0
557604,chr7,74057200,74058600,1,0.5,0.5,0.5,0.985786141,1.94118E-17,1.2308E-15,2361,1,1,2,2,0.666666667,1,0
564352,chr7,95869200,95870400,1,0.5,0.5,0.5,0.985786141,1.94118E-17,1.2308E-15,2361,1,1,2,1.666666667,0.666666667,0,0
684780,chr9,100724600,100727600,1,0.5,0.5,0.5,0.985786141,1.94118E-17,1.2308E-15,2361,1,1,2,0.666666667,0.666666667,0,0
741596,chr10,5379200,5379800,1,0.5,0.5,0.5,0.985786141,1.94118E-17,1.2308E-15,2361,1,1,2,0.666666667,0.666666667,0,0
792851,chr10,120500000,120500600,1,0.5,0.5,0.5,0.985786141,1.94118E-17,1.2308E-15,2361,1,1,2,1,0.666666667,0,0
801920,chr11,1962800,1964400,1,0.5,0.5,0.5,0.985786141,1.94118E-17,1.2308E-15,2361,2,1.5,2.5,0.666666667,0.333333333,0,0
835153,chr11,69807800,69808200,1,0.5,0.5,0.5,0.985786141,1.94118E-17,1.2308E-15,2361,1,1,2,2.666666667,0.666666667,0,0
857376,chr11,120215600,120216800,1,0.5,0.5,0.5,0.985786141,1.94118E-17,1.2308E-15,2361,1,1,2,1.333333333,0.666666667,0,0
865552,chr12,1711800,1712200,1,0.5,0.5,0.5,0.985786141,1.94118E-17,1.2308E-15,2361,1,1,2,1.666666667,0.666666667,0,0
879466,chr12,47559600,47560200,1,0.5,0.5,0.5,0.985786141,1.94118E-17,1.2308E-15,2361,1,1,2,2.666666667,0.666666667,1,0
915062,chr12,120911400,120912800,1,0.5,0.5,0.5,0.985786141,1.94118E-17,1.2308E-15,2361,1,1,2,1.333333333,0.666666667,0,0
961876,chr14,74408400,74409000,1,0.5,0.5,0.5,0.985786141,1.94118E-17,1.2308E-15,2361,1,1,2,2,0.666666667,1,0
978773,chr15,29212400,29213200,1,0.5,0.5,0.5,0.985786141,1.94118E-17,1.2308E-15,2361,1,1,2,0.666666667,0.666666667,0,0
1020915,chr15,96758200,96758400,1,0.5,0.5,0.5,0.985786141,1.94118E-17,1.2308E-15,2361,1,1,2,2.666666667,0.666666667,1,0
1024824,chr16,331400,331600,1,0.5,0.5,0.5,0.985786141,1.94118E-17,1.2308E-15,2361,1,1,2,1,0.666666667,0,0
1038776,chr16,18927400,18930000,1,0.5,0.5,0.5,0.985786141,1.94118E-17,1.2308E-15,2361,1,1,2,1,0.666666667,0,0
1047568,chr16,31016800,31017200,1,0.5,0.5,0.5,0.985786141,1.94118E-17,1.2308E-15,2361,1,1,2,2,0.666666667,0,0
1112895,chr17,55689800,55690400,1,0.5,0.5,0.5,0.985786141,1.94118E-17,1.2308E-15,2361,1,1,2,1.333333333,0.666666667,0,0
1162137,chr19,2818800,2819200,1,0.5,0.5,0.5,0.985786141,1.94118E-17,1.2308E-15,2361,1,1,2,1,0.666666667,0,0
1167104,chr19,7472800,7474000,1,0.5,0.5,0.5,0.985786141,1.94118E-17,1.2308E-15,2361,1,1,2,1.666666667,0.666666667,0,0
1198814,chr19,50252200,50252400,1,0.5,0.5,0.5,0.985786141,1.94118E-17,1.2308E-15,2361,1,1,2,0.666666667,0.666666667,0,0
1230049,chr20,48669200,48670200,1,0.5,0.5,0.5,0.985786141,1.94118E-17,1.2308E-15,2361,1,1,2,2.666666667,0.666666667,0,0
1239229,chr20,62382400,62382800,1,0.5,0.5,0.5,0.985786141,1.94118E-17,1.2308E-15,2361,1,1,2,1,0.666666667,0,0
1271742,chr22,40398800,40399800,1,0.5,0.5,0.5,0.985786141,1.94118E-17,1.2308E-15,2361,1,1,2,0.666666667,0.666666667,0,0
1085879,chr17,17832400,17834000,1,0.5,0.5,0.5,2.547999208,8.30829E-14,4.75226E-12,1289,4,1.25,2,0.583333333,0.5,0,0
920004,chr12,125481200,125483000,0.75,0.25,0.5,0.5,3.329105741,1.44205E-11,7.44662E-10,978,2,0.5,1.5,1.833333333,0.666666667,0,0
620832,chr8,27208000,27209000,1,0.5,0.5,0.5,3.329105741,2.11167E-10,1.05472E-08,978,2,0.5,1.5,2,0.666666667,0,0
864931,chr12,671000,671800,1,0.5,0.5,0.5,3.329105741,2.11167E-10,1.05472E-08,978,2,1,1,1.5,0.833333333,0.5,0
1189519,chr19,40916000,40918000,1,0.5,0.5,0.5,3.329105741,2.72731E-10,1.33932E-08,978,2,1,2,0.666666667,0.333333333,0,0
158237,chr2,28567600,28568400,1,0.5,0.5,0.5,3.329105741,3.133E-10,1.5215E-08,978,2,0.5,2,2.333333333,0.5,0.5,0
289088,chr3,128117200,128120000,1,0.5,0.5,0.5,3.329105741,3.133E-10,1.5215E-08,978,2,1.5,1,0.5,0.666666667,0,0
973602,chr14,104353800,104355000,1,0.5,0.5,0.5,3.329105741,3.133E-10,1.5215E-08,978,2,0.5,2,2.166666667,0.333333333,0.5,0
1230325,chr20,48886600,48888000,1,0.5,0.5,0.5,3.329105741,3.133E-10,1.5215E-08,978,2,0.5,2,1.166666667,0.333333333,0,0
5769,chr1,6325000,6325600,1,0.5,0.5,0.5,3.329105741,3.82141E-10,1.79371E-08,978,2,1,1.5,1.5,0.5,0,0
666807,chr9,5851400,5851800,0.5,0,0.5,0.5,3.329105741,3.82141E-10,1.79371E-08,978,2,1,1.5,0.833333333,0.833333333,0,0
702106,chr9,132361800,132362400,1,0.5,0.5,0.5,3.329105741,3.82141E-10,1.79371E-08,978,2,0.5,1,1.166666667,0.833333333,0,0
839332,chr11,74405000,74405600,1,0.5,0.5,0.5,3.329105741,3.82141E-10,1.79371E-08,978,2,0.5,1,2.333333333,0.833333333,0.5,0
1175762,chr19,16426400,16427400,1,0.5,0.5,0.5,3.329105741,3.82141E-10,1.79371E-08,978,2,1,1.5,0.666666667,0.666666667,0,0
917825,chr12,123579600,123580600,1,0.5,0.5,0.5,2.498743319,1.0299E-07,4.48589E-06,1305,3,0.333333333,0.666666667,1.333333333,1.444444444,0,0
695785,chr9,126069400,126069800,0.5,0,0.5,0.5,5.672425342,0.003078325,0.095772244,1628,1,1,1,2,0.666666667,0,0
1162768,chr19,3343800,3344400,0.5,0,0.5,0.5,5.672425342,0.003078325,0.095772244,1628,1,1,1,2,1,0,0
1272269,chr22,41003200,41003400,0.5,0,0.5,0.5,5.672425342,0.003078325,0.095772244,1628,1,1,1,2,1,0,0
318904,chr4,1033200,1034000,0.805555556,0.333333333,0.472222222,0.472222222,4.024416327,3.17103E-25,4.27638E-23,1645,3,0,1.333333333,2.555555556,0.777777778,0,0
1125673,chr17,73545200,73545600,0.966666667,0.5,0.466666667,0.466666667,3.279847871,8.07486E-19,8.87551E-17,1656,2,0,1.5,3.5,0.666666667,1,0
1199737,chr19,51132200,51133200,0.625,0.166666667,0.458333333,0.458333333,3.128556587,9.43426E-19,1.01556E-16,1668,2,1,0.5,1.166666667,1.166666667,0,0
1110105,chr17,48569800,48570800,1,0.541666667,0.458333333,0.458333333,0.876613347,0.000823975,0.027178776,3248,2,1,1.5,0.833333333,1.166666667,0,0
290259,chr3,129343200,129345000,0.458333333,0,0.458333333,0.458333333,5.549463819,0.000388057,0.013197334,1678,1,1,0,2.333333333,2,0,0
313687,chr3,194880600,194880800,0.454545455,0,0.454545455,0.454545455,5.537747862,5.95308E-05,0.002178838,1685,1,0,0,6.333333333,2,1,0
1125696,chr17,73569000,73569600,0.952380952,0.5,0.452380952,0.452380952,3.25766219,3.02843E-10,1.47891E-08,1686,2,0.5,2,3.5,0.333333333,1,0
1100086,chr17,38479800,38481400,0.95,0.5,0.45,0.5,0.985786141,3.03046E-32,5.512E-30,2361,2,0.5,2.5,2.5,0.333333333,1,0
473170,chr6,41956000,41956600,1,0.555555556,0.444444444,0.444444444,0.836614638,8.64774E-07,3.54638E-05,3309,1,0,0,3.333333333,2.333333333,1,0
1195949,chr19,47780000,47780600,1,0.555555556,0.444444444,0.444444444,0.836614638,8.64774E-07,3.54638E-05,3309,1,0,0,3.333333333,2.333333333,0,0
659984,chr8,141737400,141737800,1,0.555555556,0.444444444,0.444444444,0.836614638,1.42964E-05,0.000547245,3309,1,0,0,2,4,0,1
192329,chr2,102397000,102397600,0.944444444,0.5,0.444444444,0.444444444,3.245035445,2.55994E-10,1.2589E-08,1752,2,0.5,1.5,2,1.333333333,0,0.5
237932,chr2,231712600,231713000,0.944444444,0.5,0.444444444,0.416666667,3.199015537,3.02843E-10,1.47891E-08,1810,3,1,2.333333333,1,0.222222222,0,0
1125626,chr17,73507600,73507800,0.444444444,0,0.444444444,0.444444444,5.506032031,0.001396697,0.04542893,1752,1,0,2,4,1.333333333,1,0
148378,chr2,10547800,10549400,0.805555556,0.375,0.430555556,0.430555556,1.121062947,1.23438E-18,1.25817E-16,2235,2,0,1.5,2.5,0.833333333,0.5,0
1175567,chr19,16263000,16263800,0.416666667,0,0.416666667,0.416666667,5.415037499,0.000789739,0.026123231,1847,1,1,1,3,0.666666667,1,0
46806,chr1,47702800,47705400,0.916666667,0.5,0.416666667,0.416666667,0.855695936,4.57165E-19,5.20441E-17,3282,2,0.5,1,1.833333333,1,0.5,0
800145,chr11,220600,221200,1,0.583333333,0.416666667,0.416666667,2.356165151,2.49875E-13,1.40182E-11,1810,3,0.666666667,1.666666667,1.888888889,0.777777778,0,0
1082227,chr17,8311600,8312200,0.916666667,0.5,0.416666667,0.416666667,3.199015537,2.18573E-10,1.08861E-08,1810,2,0.5,1,1.666666667,0.666666667,0,0
567986,chr7,100085200,100087400,1,0.583333333,0.416666667,0.416666667,0.781812104,3.30204E-10,1.58385E-08,3476,2,0.5,1,2,1.666666667,0,0.5
158717,chr2,29062200,29062800,1,0.583333333,0.416666667,0.416666667,0.767440553,2.23209E-05,0.000841547,3522,1,0,1,4,1.666666667,1,0
475695,chr6,44177800,44178200,1,0.583333333,0.416666667,0.416666667,0.767440553,2.23209E-05,0.000841547,3522,1,0,1,2.333333333,1.666666667,0,0
617981,chr8,22069400,22070000,1,0.583333333,0.416666667,0.416666667,0.767440553,2.23209E-05,0.000841547,3522,1,0,1,2.333333333,1.666666667,0,0
772570,chr10,74016800,74017400,1,0.583333333,0.416666667,0.416666667,0.767440553,2.23209E-05,0.000841547,3522,1,0,1,2.333333333,1.666666667,0,0
871112,chr12,13034400,13035000,1,0.583333333,0.416666667,0.416666667,0.767440553,2.23209E-05,0.000841547,3522,1,0,1,2,1.666666667,0,0
1059249,chr16,68544000,68544600,1,0.583333333,0.416666667,0.416666667,0.767440553,2.23209E-05,0.000841547,3522,1,0,1,2,1.666666667,0,0
321902,chr4,4032800,4035400,1,0.583333333,0.416666667,0.416666667,1.838764263,6.42761E-05,0.002345174,1810,6,1.833333333,1.333333333,0.722222222,0.722222222,0,0
239777,chr2,234246400,234247200,1,0.583333333,0.416666667,0.416666667,0.767440553,0.000789739,0.026123231,3522,1,1,1,0.666666667,1.666666667,0,0
1026758,chr16,2194000,2194800,0.622222222,0.222222222,0.4,0.627777778,3.650963285,7.72138E-19,8.56756E-17,891,3,0.333333333,1.333333333,2.777777778,0.888888889,0.666666667,0
149318,chr2,11411800,11412200,0.4,0,0.4,0.4,5.357552005,0.0002957,0.010184799,1917,1,0,1,3,1,1,0
459288,chr6,27650600,27651000,0.4,0,0.4,0.4,5.357552005,0.0002957,0.010184799,1917,1,0,1,3,1,1,0
1133433,chr17,80607400,80608400,0.6,1,-0.4,-0.4,-0.727474145,2.01633E-17,1.26156E-15,3607,1,2,1,1.666666667,0.666666667,1,0
1185306,chr19,35593800,35594800,0.6,1,-0.4,-0.4,-0.727474145,2.01633E-17,1.26156E-15,3607,1,2,1,1.666666667,1,1,0
769445,chr10,71067200,71067800,0.588888889,1,-0.411111111,-0.411111111,-0.753995021,2.27721E-05,0.000857634,3568,1,0,1,3.333333333,1.333333333,1,0
1027094,chr16,2559800,2560800,0.25,0.666666667,-0.416666667,-0.416666667,-3.043662084,4.71629E-19,5.3517E-17,1847,2,0.5,1,1.333333333,1,0,0
892879,chr12,70073400,70073600,0.583333333,1,-0.416666667,-0.416666667,-0.767440553,2.23209E-05,0.000841547,3522,1,1,0,1.666666667,1,0,0
1212069,chr20,17976200,17976600,0.583333333,1,-0.416666667,-0.416666667,-0.767440553,2.23209E-05,0.000841547,3522,1,1,0,1.666666667,2,0,0
46201,chr1,46982400,46983400,0.583333333,1,-0.416666667,-0.416666667,-0.767440553,0.000789739,0.026123231,3522,1,1,1,1.666666667,0.666666667,0,0
629313,chr8,48338400,48338800,0.583333333,1,-0.416666667,-0.416666667,-0.767440553,0.000789739,0.026123231,3522,1,1,1,1.666666667,1,0,0
1044308,chr16,26909000,26909600,0.583333333,1,-0.416666667,-0.416666667,-0.767440553,0.000789739,0.026123231,3522,1,1,1,1.666666667,1.666666667,0,0
1025352,chr16,808000,808400,0.055555556,0.5,-0.444444444,-0.444444444,-2.72922629,3.47957E-08,1.53079E-06,1744,3,0.666666667,1.333333333,1.111111111,0.555555556,0,0
468604,chr6,36813000,36814400,0.555555556,1,-0.444444444,-0.444444444,-0.836614638,3.35658E-05,0.001245414,3309,1,0,1,2.333333333,1,0,0
852380,chr11,113551200,113551800,0.555555556,1,-0.444444444,-0.444444444,-0.836614638,3.35658E-05,0.001245414,3309,1,0,1,2.333333333,1,0,0
1165720,chr19,5983200,5984200,0.555555556,1,-0.444444444,-0.444444444,-0.836614638,3.35658E-05,0.001245414,3309,1,0,1,3,1.333333333,0,0
673168,chr9,38046600,38048200,0.555555556,1,-0.444444444,-0.444444444,-0.836614638,0.00027768,0.009649451,3309,1,0,1,4,0.666666667,1,0
405686,chr5,104566600,104566800,0.555555556,1,-0.444444444,-0.444444444,-0.836614638,0.001396697,0.04542893,3309,1,0,2,2.333333333,0.333333333,0,0
1031635,chr16,9100600,9100800,0.416666667,0.875,-0.458333333,-0.458333333,-1.066087814,2.55375E-10,1.2589E-08,2284,2,1,1,1.5,1.333333333,0,0
1254047,chr21,44350000,44350600,0,0.458333333,-0.458333333,-0.458333333,-5.543731421,0.000823975,0.027178776,1674,2,1,1.5,2.833333333,1.166666667,1,0
372594,chr5,318600,319400,0.533333333,1,-0.466666667,-0.466666667,-0.894445829,0.000205933,0.007199044,3228,1,0,1,4.666666667,0.666666667,2,0
801068,chr11,1092800,1093000,0.531746032,1,-0.468253968,-0.468253968,-0.898666707,0.002205576,0.069859169,3224,1,0,2,4,0.333333333,1,0
530198,chr7,5530800,5531200,0.027777778,0.5,-0.472222222,-0.458333333,-1.717909531,4.27665E-19,4.9004E-17,1687,3,0,2.333333333,2.444444444,0.222222222,0,0
293602,chr3,139004800,139006800,0.358333333,0.833333333,-0.475,-0.475,-3.277681538,0.000308707,0.010622384,1639,2,0,0,4,1.333333333,1,0
1005718,chr15,72995200,72995600,0.5,1,-0.5,-0.5,-0.985786141,6.21619E-63,9.36203E-59,2849,1,0,0,4,1.333333333,0,0
978812,chr15,29239200,29239800,0.5,1,-0.5,-0.5,-0.985786141,1.33106E-37,2.12141E-34,2849,1,0,2,2.666666667,0.333333333,0,0
179695,chr2,71224000,71224400,0,0.5,-0.5,-0.5,-5.672425342,7.27046E-33,2.54924E-30,705,1,0,2,1.333333333,0.666666667,0,0
340438,chr4,74364000,74364400,0.5,1,-0.5,-0.5,-0.985786141,5.40642E-33,2.54924E-30,2849,1,1,1,1.333333333,1,0,0
748371,chr10,15494800,15497400,0.5,1,-0.5,-0.5,-0.985786141,5.40642E-33,2.54924E-30,2849,1,1,1,1.333333333,0.666666667,0,0
1273165,chr22,41953400,41954600,0.5,1,-0.5,-0.5,-0.985786141,5.40642E-33,2.54924E-30,2849,1,1,1,1.333333333,1.666666667,0,0
251916,chr3,12727000,12727400,0.5,1,-0.5,-0.5,-0.985786141,3.03046E-32,5.512E-30,2849,1,2,0,0.666666667,1.333333333,0,0
469097,chr6,37217200,37217400,0.5,1,-0.5,-0.5,-0.985786141,3.03046E-32,5.512E-30,2849,1,2,0,0.666666667,1.333333333,0,0
948647,chr14,23293600,23293800,0.5,1,-0.5,-0.5,-0.985786141,3.03046E-32,5.512E-30,2849,1,2,0,0.666666667,1.333333333,0,0
1126376,chr17,74117200,74117800,0.5,1,-0.5,-0.5,-0.985786141,4.37944E-27,5.97324E-25,2849,2,0.5,1,2.166666667,1.166666667,0.5,0
465867,chr6,34432800,34433000,0.5,1,-0.5,-0.5,-0.985786141,1.02439E-19,1.23856E-17,2849,1,1,2,1.333333333,0.666666667,0,0
685242,chr9,101134000,101136400,0.5,1,-0.5,-0.5,-0.985786141,1.02439E-19,1.23856E-17,2849,1,1,2,1.333333333,0.666666667,0,0
749804,chr10,18871600,18872400,0,0.5,-0.5,-0.5,-5.672425342,1.02439E-19,1.23856E-17,705,1,1,2,0.666666667,0.666666667,0,0
810521,chr11,14435200,14436000,0,0.5,-0.5,-0.5,-5.672425342,1.02439E-19,1.23856E-17,705,1,1,2,0.666666667,0.666666667,0,0
1227811,chr20,46187600,46189200,0,0.5,-0.5,-0.5,-5.672425342,1.02439E-19,1.23856E-17,705,1,1,2,2,1.333333333,1,0
442606,chr6,3378400,3379000,0,0.5,-0.5,-0.5,-3.329105741,2.52137E-19,2.92737E-17,978,2,1,0.5,1.5,2,0,0
5710,chr1,6260200,6261000,0,0.5,-0.5,-0.5,-3.329105741,3.52868E-19,4.08337E-17,978,3,0.666666667,2.333333333,2,0.666666667,0.333333333,0.333333333
69866,chr1,110167800,110168800,0.5,1,-0.5,-0.5,-0.985786141,1.94118E-17,1.2308E-15,2849,1,2,1,0.666666667,1.333333333,0,0
128740,chr1,228074200,228074400,0.5,1,-0.5,-0.5,-0.985786141,1.94118E-17,1.2308E-15,2849,1,2,1,1.333333333,1.666666667,0,0
288957,chr3,127843600,127844200,0.5,1,-0.5,-0.5,-0.985786141,1.94118E-17,1.2308E-15,2849,1,2,1,0.666666667,0.666666667,0,0
290327,chr3,129574400,129575800,0.5,1,-0.5,-0.5,-0.985786141,1.94118E-17,1.2308E-15,2849,1,2,1,0.666666667,0.666666667,0,0
529991,chr7,5367400,5368000,0.5,1,-0.5,-0.5,-0.985786141,1.94118E-17,1.2308E-15,2849,1,2,1,0.666666667,0.666666667,0,0
819089,chr11,38416600,38417000,0.5,1,-0.5,-0.5,-0.985786141,1.94118E-17,1.2308E-15,2849,1,2,1,0.666666667,0.666666667,0,0
856757,chr11,119535800,119536000,0.5,1,-0.5,-0.5,-0.985786141,1.94118E-17,1.2308E-15,2849,1,2,1,1.333333333,1.333333333,0,0
1112309,chr17,55158800,55161400,0.5,1,-0.5,-0.5,-0.985786141,1.94118E-17,1.2308E-15,2849,1,2,1,0.666666667,1,0,0
1221635,chr20,36781200,36781400,0.5,1,-0.5,-0.5,-0.985786141,1.94118E-17,1.2308E-15,2849,1,2,1,0.666666667,1,0,0
1263489,chr22,27031200,27032200,0.5,1,-0.5,-0.5,-0.985786141,1.94118E-17,1.2308E-15,2849,1,2,1,0.666666667,0.666666667,0,0
998529,chr15,64114600,64118600,0.5,1,-0.5,-0.5,-3.329105741,1.64411E-11,8.428E-10,978,2,0.5,2,2.333333333,0.666666667,0,0
1273701,chr22,42525000,42526000,0.5,1,-0.5,-0.5,-0.985786141,1.84691E-11,9.41253E-10,2849,2,1,1.5,1,0.666666667,0,0
568471,chr7,100513600,100514600,0.5,1,-0.5,-0.5,-3.329105741,2.00562E-11,1.01918E-09,978,2,1.5,2,0.5,0.333333333,0,0
129159,chr1,228525800,228526800,0.5,1,-0.5,-0.5,-0.985786141,0.00016855,0.005909874,2358,1,1,0,2,1.666666667,0,0
659634,chr8,141431000,141431400,0.5,1,-0.5,-0.5,-0.985786141,0.00016855,0.005909874,2358,1,0,1,2.666666667,0.666666667,0,0
1070190,chr16,85367400,85367800,0.49047619,1,-0.50952381,-0.50952381,-1.012981952,4.47049E-07,1.84627E-05,2342,1,0,0,4.666666667,3,2,0
465596,chr6,34189800,34191000,0.488095238,1,-0.511904762,-0.511904762,-1.019861769,3.27921E-05,0.001220582,2333,1,0,0,4.333333333,1.666666667,1,0
768897,chr10,70565600,70566000,0,0.541666667,-0.541666667,-0.541666667,-5.785724906,0.000348716,0.011917185,1026,1,0,1,1.333333333,2.333333333,0,0
1047409,chr16,30867400,30867600,0.444444444,1,-0.555555556,-0.555555556,-3.413176037,2.18573E-10,1.08861E-08,970,2,1,0.5,1,1.666666667,0,0.5
389994,chr5,56363200,56363800,0.444444444,1,-0.555555556,-0.555555556,-1.152179451,0.000775396,0.0258193,2197,1,0,1,3.666666667,0.666666667,0,0
1137273,chr18,3648800,3649000,0.433333333,1,-0.566666667,-0.566666667,-3.431233238,8.07486E-19,8.87551E-17,967,2,1,0.5,1.5,1,0.5,0
809547,chr11,12836200,12836800,0.416666667,1,-0.583333333,-0.583333333,-3.459195946,8.07486E-19,8.87551E-17,961,2,1,0.5,1.166666667,1.833333333,0,0
967424,chr14,93136600,93137000,0.416666667,1,-0.583333333,-0.583333333,-1.243173983,4.53278E-06,0.00018143,2114,1,0,0,2.666666667,1,0,0
528059,chr7,2687400,2687600,0.416666667,1,-0.583333333,-0.583333333,-1.243173983,0.000697738,0.023322005,2109,1,1,1,1.666666667,0.666666667,0,0
613604,chr8,10631200,10631600,0.416666667,1,-0.583333333,-0.583333333,-1.243173983,0.000697738,0.023322005,2109,1,1,1,1.666666667,0.666666667,0,0
1161917,chr19,2621800,2622000,0,0.583333333,-0.583333333,-0.583333333,-5.89077093,0.000697738,0.023322005,1049,1,1,1,2.333333333,1.666666667,1,0
435278,chr5,176983600,176983800,0.411111111,1,-0.588888889,-0.588888889,-1.262082446,3.9921E-07,1.6526E-05,2092,1,0,0,3.333333333,1.333333333,1,0
1126795,chr17,74439400,74440400,0.402777778,1,-0.597222222,-0.597222222,-3.483355857,1.58336E-19,1.86299E-17,952,2,0,1,2.833333333,1.333333333,0,0
1205039,chr19,56655600,56656600,0.375,1,-0.625,-0.625,-3.534247726,2.17118E-19,2.5376E-17,940,2,1,0.5,1.333333333,1,0,0
174708,chr2,63189000,63189400,0.375,1,-0.625,-0.625,-1.391424942,0.001736363,0.055752825,1976,1,1,1,2.666666667,0.666666667,0,0
872302,chr12,21680200,21681200,0.12962963,0.777777778,-0.648148148,-0.648148148,-4.366681987,1.62664E-08,7.28416E-07,783,3,0.333333333,1.333333333,2.111111111,0.777777778,0,0
1033158,chr16,11198600,11199800,0,0.666666667,-0.666666667,-0.666666667,-6.080373416,9.62868E-20,1.21007E-17,544,1,1,2,1.333333333,1,0,0
26475,chr1,27097600,27099200,0,0.75,-0.75,-0.75,-6.247927513,9.30103E-20,1.1731E-17,351,1,1,2,1,1.333333333,0,0
170765,chr2,54318600,54319000,0,1,-1,-1,-6.658211483,4.37728E-50,3.06961E-46,4,1,0,1,2.333333333,0.666666667,0,0
1171812,chr19,12682000,12682400,0,1,-1,-1,-6.658211483,4.37728E-50,3.06961E-46,4,1,0,1,1,0.666666667,0,0
692014,chr9,116692400,116693800,0,1,-1,-1,-6.658211483,1.29704E-33,1.62422E-30,25,1,1,1,0.666666667,0.666666667,0,0
1083546,chr17,13427800,13428000,0,1,-1,-1,-6.658211483,1.29704E-33,1.62422E-30,25,1,1,1,0.666666667,1,0,0
1201687,chr19,53253000,53253600,0,1,-1,-1,-6.658211483,1.29704E-33,1.62422E-30,25,1,1,1,2,1.333333333,0,0
252004,chr3,12797000,12797200,0,1,-1,-1,-6.658211483,1.74424E-33,1.85328E-30,29,1,0,2,1.666666667,0.333333333,0,0
442426,chr6,3237600,3238000,0,1,-1,-1,-6.658211483,1.74424E-33,1.85328E-30,29,1,0,2,3.333333333,0.333333333,0,0
999502,chr15,64988600,64989400,0,1,-1,-1,-6.658211483,1.74424E-33,1.85328E-30,29,1,0,2,1.666666667,0.333333333,0,0
1185271,chr19,35558400,35558600,0,1,-1,-1,-6.658211483,1.74424E-33,1.85328E-30,29,1,0,2,2.666666667,0.333333333,0,0
158252,chr2,28578000,28579400,0,1,-1,-1,-6.658211483,7.27032E-33,2.54924E-30,52,1,2,0,0.333333333,2.333333333,0,0
779234,chr10,82262800,82264400,0,1,-1,-1,-6.658211483,7.27032E-33,2.54924E-30,52,1,2,0,0.333333333,1.333333333,0,0
872928,chr12,24076000,24076200,0,1,-1,-1,-6.658211483,7.27032E-33,2.54924E-30,52,1,2,0,0.333333333,1.666666667,0,0
981901,chr15,35265000,35265200,0,1,-1,-1,-6.658211483,7.27032E-33,2.54924E-30,52,1,2,0,0.333333333,1.666666667,0,0
1198692,chr19,50141000,50141400,0,1,-1,-1,-6.658211483,7.27032E-33,2.54924E-30,52,1,2,0,0.333333333,1,0,0
1266631,chr22,32147200,32147800,0,1,-1,-1,-6.658211483,7.27032E-33,2.54924E-30,52,1,2,0,0.333333333,1,0,0
43571,chr1,44460000,44460400,0,1,-1,-1,-6.658211483,4.9152E-20,6.28984E-18,263,1,1,2,1,0.666666667,0,0
432344,chr5,173218800,173219800,0,1,-1,-1,-6.658211483,4.9152E-20,6.28984E-18,263,2,2,2,0.5,0.5,0,0
553387,chr7,66313800,66314200,0,1,-1,-1,-6.658211483,4.9152E-20,6.28984E-18,263,1,1,2,1,0.333333333,0,0
568666,chr7,100745200,100746200,0,1,-1,-1,-6.658211483,4.9152E-20,6.28984E-18,263,1,1,2,0.666666667,0.333333333,0,0
198056,chr2,113627600,113629400,0,1,-1,-1,-6.658211483,9.31407E-18,6.65131E-16,400,1,2,1,0.333333333,0.666666667,0,0
381615,chr5,32584600,32585200,0,1,-1,-1,-6.658211483,9.31407E-18,6.65131E-16,400,1,2,1,0.333333333,0.666666667,0,0
412861,chr5,132127600,132128200,0,1,-1,-1,-6.658211483,9.31407E-18,6.65131E-16,400,1,2,1,0.333333333,1,0,0
567297,chr7,99475600,99476000,0,1,-1,-1,-6.658211483,9.31407E-18,6.65131E-16,400,1,2,1,0.333333333,1,0,0
592295,chr7,138065200,138065800,0,1,-1,-1,-6.658211483,9.31407E-18,6.65131E-16,400,1,2,1,0.333333333,1.333333333,0,0
607440,chr7,158697200,158697600,0,1,-1,-1,-6.658211483,9.31407E-18,6.65131E-16,400,1,2,1,0.333333333,0.666666667,0,0
655113,chr8,128788800,128789000,0,1,-1,-1,-6.658211483,9.31407E-18,6.65131E-16,400,1,2,1,0.333333333,0.666666667,0,0
692925,chr9,119201000,119201800,0,1,-1,-1,-6.658211483,9.31407E-18,6.65131E-16,400,1,2,1,0.333333333,0.666666667,0,0
786336,chr10,101426600,101427400,0,1,-1,-1,-6.658211483,9.31407E-18,6.65131E-16,400,1,2,1,0.333333333,0.666666667,0,0
812873,chr11,18433600,18434000,0,1,-1,-1,-6.658211483,9.31407E-18,6.65131E-16,400,1,2,1,0.333333333,1.333333333,0,0
917235,chr12,122973400,122974200,0,1,-1,-1,-6.658211483,9.31407E-18,6.65131E-16,400,1,2,1,0.333333333,1,0,0
927355,chr13,25953200,25954800,0,1,-1,-1,-6.658211483,9.31407E-18,6.65131E-16,400,1,2,1,0.333333333,1.333333333,0,0
997813,chr15,63489600,63490200,0,1,-1,-1,-6.658211483,9.31407E-18,6.65131E-16,400,1,2,1,0.333333333,1.333333333,0,0
1017589,chr15,90597400,90598400,0,1,-1,-1,-6.658211483,9.31407E-18,6.65131E-16,400,1,2,1,0.333333333,0.666666667,0,0
1166436,chr19,6671200,6672600,0,1,-1,-1,-6.658211483,9.31407E-18,6.65131E-16,400,1,2,1,0.333333333,0.666666667,0,0
1169768,chr19,10446800,10447400,0,1,-1,-1,-6.658211483,9.31407E-18,6.65131E-16,400,1,2,1,0.333333333,0.666666667,0,0
1203809,chr19,55471200,55471600,0,1,-1,-1,-6.658211483,9.31407E-18,6.65131E-16,400,1,2,1,0.333333333,1.333333333,0,0
1266286,chr22,31760600,31761000,0,1,-1,-1,-6.658211483,9.31407E-18,6.65131E-16,400,1,2,1,0.666666667,0.666666667,0,0
1269504,chr22,37947000,37948400,0,1,-1,-1,-6.658211483,9.31407E-18,6.65131E-16,400,1,2,1,0.333333333,0.666666667,0,0
363283,chr4,156297600,156298000,0,1,-1,-1,-6.658211483,4.91945E-12,2.55921E-10,674,2,1.5,2,0.666666667,0.333333333,0,0