id,Chromosome,Start,End,symbol,entrezID,mean.mean.MLP,mean.mean.MPP,Difference,mean.mean.diff,mean.mean.quot.log2,comb.p.val,comb.p.adj.fdr,combinedRank,num.sites,mean.num.na.MLP,mean.num.na.MPP,mean.mean.covg.MLP,mean.mean.covg.MPP,mean.nsamples.covg.thres5.MLP,mean.nsamples.covg.thres5.MPP
ENSG00000235037,chr9,45415477,45417476,NA,NA,1,0,1,1,6.658211483,9.31407E-18,7.64466E-16,290,2,1.5,2.5,0.5,0.166666667,0,0
ENSG00000177306,chr8,7105375,7107374,OR7E125P,NA,1,0,1,1,6.658211483,7.27032E-33,2.98367E-30,31,1,0,2,1,0.333333333,0,0
ENSG00000253837,chr8,23192184,23194183,NA,100507156,1,0,1,1,6.658211483,7.27032E-33,2.98367E-30,31,1,0,2,3.666666667,0.333333333,1,0
ENSG00000254231,chr8,87355044,87357043,NA,NA,1,0,1,1,6.658211483,7.27032E-33,2.98367E-30,31,1,0,2,1.333333333,0.333333333,0,0
ENSG00000254010,chr8,127567641,127569640,NA,NA,1,0,1,1,6.658211483,7.27032E-33,2.98367E-30,31,1,0,2,2.666666667,0.333333333,0,0
ENSG00000272010,chr8,66504208,66506207,NA,NA,1,0,1,1,6.658211483,4.9152E-20,9.26781E-18,135,1,2,1,0.333333333,0.666666667,0,0
ENSG00000200714,chr8,66503466,66505465,NA,NA,1,0,1,1,6.658211483,4.9152E-20,9.26781E-18,135,1,2,1,0.333333333,0.666666667,0,0
ENSG00000271133,chr7,20370871,20372870,NA,101927811,1,0,1,1,6.658211483,5.40631E-33,2.98367E-30,25,1,1,1,0.666666667,0.666666667,0,0
ENSG00000135269,chr7,115849047,115851046,TES,26136,1,0,1,1,6.658211483,5.40631E-33,2.98367E-30,25,1,1,1,0.666666667,0.666666667,0,0
ENSG00000106628,chr7,44163458,44165457,POLD2,5425,1,0,1,1,6.658211483,9.31407E-18,7.64466E-16,290,1,1,2,1.666666667,0.333333333,0,0
ENSG00000106089,chr7,73133503,73135502,STX1A,6804,1,0,1,1,6.658211483,9.31407E-18,7.64466E-16,290,1,1,2,0.666666667,0.333333333,0,0
ENSG00000265598,chr7,158382808,158384807,MIR5707,100847032,1,0,1,1,6.658211483,9.31407E-18,7.64466E-16,290,1,1,2,2,0.666666667,0,0
ENSG00000124664,chr6,34523611,34525610,SPDEF,25803,1,0,1,1,6.658211483,3.64892E-49,1.69711E-45,2,1,0,1,1.333333333,0.666666667,0,0
ENSG00000112561,chr6,41703498,41705497,TFEB,7942,1,0,1,1,6.658211483,7.27032E-33,2.98367E-30,31,1,0,2,2,0.333333333,0,0
ENSG00000218049,chr6,53231968,53233967,RPL31P33,NA,1,0,1,1,6.658211483,7.27032E-33,2.98367E-30,31,1,0,2,1.666666667,0.333333333,0,0
ENSG00000238747,chr6,90531514,90533513,NA,NA,1,0,1,1,6.658211483,7.27032E-33,2.98367E-30,31,2,1,2.5,1,0.166666667,0,0
ENSG00000236537,chr6,158701795,158703794,NA,101930415,1,0,1,1,6.658211483,7.27032E-33,2.98367E-30,31,1,0,2,1,0.333333333,0,0
ENSG00000204220,chr6,33255579,33257578,PFDN6,10471;102465501,1,0,1,1,6.658211483,9.31407E-18,7.64466E-16,290,1,1,2,1,0.333333333,0,0
ENSG00000237874,chr6,84436274,84438273,NA,NA,1,0,1,1,6.658211483,9.31407E-18,7.64466E-16,290,1,1,2,1.666666667,0.333333333,0,0
ENSG00000250867,chr5,69527319,69529318,NA,NA,1,0,1,1,6.658211483,7.27032E-33,2.98367E-30,31,1,0,2,2.666666667,0.333333333,0,0
ENSG00000250681,chr4,3633256,3635255,NA,NA,1,0,1,1,6.658211483,7.27032E-33,2.98367E-30,31,1,0,2,4,0.333333333,1,0
ENSG00000238652,chr4,88689234,88691233,NA,NA,1,0,1,1,6.658211483,9.31407E-18,7.64466E-16,290,1,1,2,1.333333333,0.333333333,0,0
ENSG00000109654,chr4,154071994,154073993,TRIM2,23321,1,0,1,1,6.658211483,9.31407E-18,7.64466E-16,290,1,1,2,0.666666667,0.333333333,0,0
ENSG00000131378,chr3,16555034,16557033,RFTN1,23180,1,0,1,1,6.658211483,7.27032E-33,2.98367E-30,31,1,0,2,1.333333333,0.333333333,0,0
ENSG00000163814,chr3,45187415,45189414,CDCP1,64866,1,0,1,1,6.658211483,7.27032E-33,2.98367E-30,31,1,0,2,1.666666667,0.333333333,0,0
ENSG00000221380,chr3,84338905,84340904,NA,NA,1,0,1,1,6.658211483,5.40631E-33,2.98367E-30,25,1,1,1,1,1,0,0
ENSG00000221211,chr3,122645469,122647468,NA,NA,1,0,1,1,6.658211483,2.95188E-19,5.0537E-17,163,2,1,2,1.166666667,0.333333333,0,0
ENSG00000178700,chr3,93781734,93783733,DHFRL1,200895,1,0,1,1,6.658211483,9.31407E-18,7.64466E-16,290,1,1,2,0.666666667,0.333333333,0,0
ENSG00000178694,chr3,93780260,93782259,NSUN3,63899,1,0,1,1,6.658211483,9.31407E-18,7.64466E-16,290,1,1,2,0.666666667,0.333333333,0,0
ENSG00000206604,chr3,141862796,141864795,RNU6-425P,NA,1,0,1,1,6.658211483,9.31407E-18,7.64466E-16,290,1,1,2,1,0.333333333,0,0
ENSG00000238153,chr22,35558797,35560796,NA,NA,1,0,1,1,6.658211483,3.64892E-49,1.69711E-45,2,1,0,1,2.666666667,1,0,0
ENSG00000203527,chr22,43670461,43672460,NA,101927447,1,0,1,1,6.658211483,7.27032E-33,2.98367E-30,31,1,0,2,2.333333333,0.666666667,0,0
ENSG00000100023,chr22,22005059,22007058,PPIL2,23759,1,0,1,1,6.658211483,9.31407E-18,7.64466E-16,290,1,1,2,1,0.333333333,0,0
ENSG00000091428,chr2,173598502,173600501,RAPGEF4,11069,1,0,1,1,6.658211483,7.27032E-33,2.98367E-30,31,1,0,2,1.666666667,0.333333333,0,0
ENSG00000242580,chr2,90247239,90249238,IGKV1D-43,NA,1,0,1,1,6.658211483,9.31407E-18,7.64466E-16,290,2,1.5,2.5,0.5,0.166666667,0,0
ENSG00000232429,chr19,34080095,34082094,RPL21P131,NA,1,0,1,1,6.658211483,4.9152E-20,9.26781E-18,135,2,2,2,0.5,0.333333333,0,0
ENSG00000122490,chr18,77711165,77713164,PQLC1,80148,1,0,1,1,6.658211483,3.64892E-49,1.69711E-45,2,1,0,1,1.666666667,0.666666667,0,0
ENSG00000262296,chr17,9550478,9552477,NA,NA,1,0,1,1,6.658211483,7.27032E-33,2.98367E-30,31,1,0,2,1.666666667,0.333333333,0,0
ENSG00000170222,chr17,10599411,10601410,ADPRM,56985,1,0,1,1,6.658211483,5.40631E-33,2.98367E-30,25,1,1,1,1.333333333,0.666666667,0,0
ENSG00000266498,chr17,17138933,17140932,NA,NA,1,0,1,1,6.658211483,7.27032E-33,2.98367E-30,31,1,0,2,3.666666667,0.333333333,1,0
ENSG00000238423,chr17,27046068,27048067,SNORD42B,26808,1,0,1,1,6.658211483,4.9152E-20,9.26781E-18,135,1,2,1,1,0.666666667,0,0
ENSG00000189051,chr17,8300645,8302644,RNF222,643904,1,0,1,1,6.658211483,9.31407E-18,7.64466E-16,290,1,1,2,2,0.333333333,1,0
ENSG00000266106,chr17,72305430,72307429,NA,NA,1,0,1,1,6.658211483,9.31407E-18,7.64466E-16,290,1,1,2,1.333333333,0.333333333,0,0
ENSG00000206172,chr16,225179,227178,HBA1,3039;3040,1,0,1,1,6.658211483,7.27032E-33,2.98367E-30,31,2,1,2.5,1,0.166666667,0,0
ENSG00000207243,chr16,227053,229052,NA,NA,1,0,1,1,6.658211483,7.27032E-33,2.98367E-30,31,1,0,2,1.666666667,0.333333333,0,0
ENSG00000242480,chr15,32892830,32894829,RN7SL286P,NA,1,0,1,1,6.658211483,7.27032E-33,2.98367E-30,31,1,0,2,2.333333333,0.333333333,0,0
ENSG00000259132,chr14,23450968,23452967,NA,NA,1,0,1,1,6.658211483,7.27032E-33,2.98367E-30,31,1,0,2,1.666666667,0.333333333,0,0
ENSG00000258457,chr14,23450407,23452406,NA,NA,1,0,1,1,6.658211483,7.27032E-33,2.98367E-30,31,1,0,2,1.666666667,0.333333333,0,0
ENSG00000201839,chr14,101418186,101420185,SNORD114-3,767579,1,0,1,1,6.658211483,7.27032E-33,2.98367E-30,31,1,0,2,1.333333333,0.333333333,0,0
ENSG00000197734,chr14,78225673,78227672,C14orf178,283579,1,0,1,1,6.658211483,9.31407E-18,7.64466E-16,290,1,1,2,1.333333333,0.333333333,0,0
ENSG00000100604,chr14,93387925,93389924,CHGA,1113,1,0,1,1,6.658211483,9.31407E-18,7.64466E-16,290,1,1,2,1,0.333333333,0,0
ENSG00000212377,chr13,73027606,73029605,NA,NA,1,0,1,1,6.658211483,9.31407E-18,7.64466E-16,290,1,1,2,2,0.333333333,0,0
ENSG00000134874,chr13,96296458,96298457,DZIP1,22873,1,0,1,1,6.658211483,9.31407E-18,7.64466E-16,290,1,1,2,2.333333333,0.333333333,1,0
ENSG00000243663,chr12,1866678,1868677,RPS4XP14,NA,1,0,1,1,6.658211483,9.31407E-18,7.64466E-16,290,1,1,2,1.333333333,0.333333333,0,0
ENSG00000111639,chr12,6602508,6604507,MRPL51,51258,1,0,1,1,6.658211483,9.31407E-18,7.64466E-16,290,2,0.5,2.5,1.333333333,0.166666667,0,0
ENSG00000257849,chr12,43358425,43360424,NA,NA,1,0,1,1,6.658211483,9.31407E-18,7.64466E-16,290,1,1,2,1,0.333333333,0,0
ENSG00000151952,chr12,130387712,130389711,TMEM132D,121256,1,0,1,1,6.658211483,9.31407E-18,7.64466E-16,290,1,1,2,1.333333333,0.333333333,0,0
ENSG00000270897,chr11,11203461,11205460,NA,NA,1,0,1,1,6.658211483,7.27032E-33,2.98367E-30,31,1,0,2,2.333333333,0.333333333,0,0
ENSG00000255500,chr11,50225832,50227831,NA,NA,1,0,1,1,6.658211483,7.27032E-33,2.98367E-30,31,1,0,2,1,0.666666667,0,0
ENSG00000240385,chr11,4038678,4040677,RPS29P20,NA,1,0,1,1,6.658211483,4.9152E-20,9.26781E-18,135,1,2,1,0.333333333,0.666666667,0,0
ENSG00000256035,chr11,102678148,102680147,NA,NA,1,0,1,1,6.658211483,9.31407E-18,7.64466E-16,290,1,1,2,1,0.333333333,0,0
ENSG00000272692,chr10,77167415,77169414,NA,101929234,1,0,1,1,6.658211483,7.27032E-33,2.98367E-30,31,2,1,2.5,1.166666667,0.166666667,0,0
ENSG00000165983,chr10,16477442,16479441,PTER,9317,1,0,1,1,6.658211483,9.31407E-18,7.64466E-16,290,1,1,2,1.666666667,0.333333333,0,0
ENSG00000235005,chr1,110428387,110430386,NA,NA,1,0,1,1,6.658211483,3.64892E-49,1.69711E-45,2,1,0,1,1.333333333,1,0,0
ENSG00000231207,chr1,27714472,27716471,NA,NA,1,0,1,1,6.658211483,7.27032E-33,2.98367E-30,31,1,0,2,2.666666667,0.333333333,0,0
ENSG00000264592,chr1,36656016,36658015,RN7SL131P,NA,1,0,1,1,6.658211483,7.27032E-33,2.98367E-30,31,1,0,2,1.333333333,0.333333333,0,0
ENSG00000183853,chr1,157961563,157963562,KIRREL,55243;101928229,1,0,1,1,6.658211483,7.27032E-33,2.98367E-30,31,1,0,2,1.666666667,0.666666667,0,0
ENSG00000230114,chr1,49721583,49723582,NA,101929721,1,0,1,1,6.658211483,4.9152E-20,9.26781E-18,135,1,2,1,0.666666667,1,0,0
ENSG00000049247,chr1,7913073,7915072,UTS2,10911,1,0,1,1,6.658211483,9.31407E-18,7.64466E-16,290,2,1,2.5,2,0.166666667,0,0
ENSG00000229420,chr1,143243664,143245663,NA,NA,1,0,1,1,6.658211483,9.31407E-18,7.64466E-16,290,1,1,2,1,0.333333333,0,0
ENSG00000202167,chr1,149146380,149148379,RNU1-114P,NA,1,0,1,1,6.658211483,9.31407E-18,7.64466E-16,290,1,1,2,0.666666667,0.333333333,0,0
ENSG00000266836,chr17,21908914,21910913,NA,NA,0.966666667,0,0.966666667,0.916666667,6.528121278,3.70601E-19,6.23011E-17,207,5,1,2.6,1,0.133333333,0,0
ENSG00000168421,chr4,40191173,40193172,RHOH,399,0.916666667,0,0.916666667,1,6.658211483,9.31407E-18,7.64466E-16,290,2,1,2.5,1.166666667,0.166666667,0,0
ENSG00000252937,chr3,73290548,73292547,RNU6-1270P,NA,0.838095238,0,0.838095238,0.838095238,6.406154378,4.06174E-06,0.000124557,910,1,0,1,6.333333333,0.666666667,3,0
ENSG00000168899,chr2,85810031,85812030,VAMP5,10791,0.857936508,0.083333333,0.774603175,0.774603175,5.11062721,4.53128E-12,2.46973E-10,512,4,0.5,1.25,2.833333333,0.916666667,0.75,0.25
ENSG00000237440,chr19,20748116,20750115,ZNF737,100129842,0.75,0,0.75,0.5,5.672425342,7.27046E-33,2.98367E-30,476,2,2,1.5,0.833333333,1.166666667,0,0.5
ENSG00000232724,chr17,73068901,73070900,NA,NA,1,0.25,0.75,0.75,3.821998812,6.80325E-28,1.54351E-25,489,2,0.5,2,1.166666667,0.5,0,0
ENSG00000179449,chr15,23890480,23892479,NA,NA,1,0.25,0.75,0.75,1.957771765,1.7625E-17,1.4218E-15,1127,1,1,2,1,1.333333333,0,0
ENSG00000158246,chr1,27338828,27340827,FAM46B,115572,0.911111111,0.166666667,0.744444444,0.744444444,3.967785182,6.92704E-19,1.05441E-16,486,2,0,1,2.666666667,1,0.5,0
ENSG00000130638,chr22,46066178,46068177,ATXN10,25814,0.96875,0.25,0.71875,0.71875,3.774347329,3.37222E-06,0.00010364,908,4,1.25,1.75,0.916666667,0.5,0,0
ENSG00000205853,chr22,32777540,32779539,RFPL3S,NA,0.916666667,0.208333333,0.708333333,0.708333333,3.379012545,1.67527E-07,6.11914E-06,764,3,1,1.333333333,1.444444444,1.222222222,0,0
ENSG00000179755,chr16,34255007,34257006,NA,NA,0.916666667,0.25,0.666666667,0.666666667,3.691908607,8.07486E-19,1.16154E-16,500,2,0,1.5,1.5,0.5,0,0
ENSG00000155465,chr14,23298530,23300529,SLC7A7,9056,1,0.333333333,0.666666667,0.666666667,3.618024775,2.18573E-10,1.07956E-08,563,2,0.5,1,1.333333333,0.666666667,0,0
ENSG00000172590,chr14,23297588,23299587,MRPL52,122704,1,0.333333333,0.666666667,0.666666667,3.618024775,2.18573E-10,1.07956E-08,563,2,0.5,1,1.333333333,0.666666667,0,0
ENSG00000229372,chr1,43913816,43915815,SZT2-AS1,102465440,1,0.333333333,0.666666667,0.666666667,1.556673456,1.82459E-17,1.4218E-15,1378,1,1,2,1.333333333,1,0,0
ENSG00000246731,chr17,72208982,72210981,NA,85001,0.833333333,0.166666667,0.666666667,0.666666667,3.818523436,2.34034E-10,1.14178E-08,572,2,0.5,1,2.166666667,1,0,0
ENSG00000267016,chr17,75468353,75470352,NA,NA,1,0.354166667,0.645833333,0.645833333,1.474049199,3.86121E-19,6.37579E-17,1482,2,0,1.5,3.5,1.333333333,0.5,0
ENSG00000224536,chr1,201474869,201476868,NA,NA,0.626984127,0,0.626984127,0.626984127,5.993185517,4.71763E-05,0.00130865,1006,1,0,1,5,1,2,0
ENSG00000237977,chr22,31296706,31298705,EIF4HP2,NA,1,0.375,0.625,0.625,3.534247726,1.59898E-19,2.80637E-17,526,2,1,2,1.5,0.833333333,0,0
ENSG00000254585,chr15,23890676,23892675,MAGEL2,54551,1,0.375,0.625,0.625,1.471778953,3.33337E-10,1.51747E-08,1484,2,1,1.5,0.833333333,1.166666667,0,0
ENSG00000135446,chr12,58149297,58151296,CDK4,1019,1,0.375,0.625,0.625,3.534247726,2.32948E-10,1.13847E-08,568,2,1,1.5,0.833333333,0.666666667,0,0
ENSG00000262583,chr16,75549679,75551678,NA,NA,0.861111111,0.25,0.611111111,0.611111111,3.589997897,3.13703E-10,1.45178E-08,603,2,0.5,1.5,1.833333333,0.5,0,0
ENSG00000249509,chr4,113435041,113437040,NA,NA,0.916666667,0.333333333,0.583333333,0.583333333,3.48793457,9.67284E-19,1.33944E-16,529,2,0,1,2.166666667,0.833333333,0,0
ENSG00000188483,chr9,131940041,131942040,IER5L,389792,1,0.416666667,0.583333333,0.583333333,3.459195946,8.07486E-19,1.16154E-16,533,2,0.5,1,2.5,1,0.5,0
ENSG00000224880,chr7,57239564,57241563,NA,NA,1,0.416666667,0.583333333,0.583333333,1.243173983,0.000697738,0.017155131,1686,1,1,1,2.666666667,1.666666667,1,0
ENSG00000251078,chr5,75048805,75050804,SLC25A5P9,NA,1,0.416666667,0.583333333,1,6.658211483,7.27032E-33,2.98367E-30,31,2,1.5,1.5,1,1,0,0
ENSG00000250889,chr5,74348169,74350168,NA,NA,1,0.416666667,0.583333333,0.583333333,3.459195946,9.55671E-19,1.33345E-16,533,2,1,1,0.833333333,1.166666667,0,0
ENSG00000234568,chr4,83194724,83196723,BIN2P1,NA,1,0.416666667,0.583333333,0.583333333,1.243173983,0.000697738,0.017155131,1686,1,1,1,0.666666667,3,0,1
ENSG00000236739,chr9,22746199,22748198,NA,NA,0.964285714,0.388888889,0.575396825,0.611111111,3.588551317,8.11315E-08,2.99875E-06,755,7,1,1.714285714,1.666666667,0.571428571,0.285714286,0
ENSG00000241954,chr22,32778273,32780272,NA,NA,0.694444444,0.134259259,0.560185185,0.560185185,3.135302078,2.7801E-07,9.64943E-06,804,3,1,1,1.777777778,1.666666667,0,0
ENSG00000011198,chr3,43730105,43732104,ABHD5,51099,1,0.444444444,0.555555556,0.555555556,2.73829498,1.83354E-13,1.2011E-11,813,3,0.666666667,1.333333333,1.666666667,1,0,0
ENSG00000267481,chr19,19900841,19902840,NA,NA,0.55,0,0.55,0.55,5.058821551,2.32948E-10,1.13847E-08,568,2,1,1.5,2.166666667,0.666666667,1,0
ENSG00000225360,chr9,68323936,68325935,NA,NA,0.533333333,0,0.533333333,0.533333333,5.763765654,0.00043422,0.010916538,1110,1,0,2,4.333333333,0.333333333,2,0
ENSG00000245059,chr16,81109424,81111423,NA,NA,1,0.46875,0.53125,0.53125,3.375184464,5.73303E-19,9.14206E-17,547,2,0,1.5,2.666666667,1.666666667,0.5,0.5
ENSG00000172350,chr11,119018222,119020221,ABCG4,64137,0.520833333,0,0.520833333,0.791666667,6.274491206,4.96635E-11,2.59534E-09,534,4,1,2.5,1.5,0.166666667,0,0
ENSG00000261275,chr7,56559317,56561316,NA,222029,1,0.5,0.5,0.5,0.985786141,8.78291E-48,2.72329E-44,1945,1,0,1,2,1.333333333,0,0
ENSG00000231202,chr7,38335335,38337334,TRGVB,NA,1,0.5,0.5,0.5,0.985786141,3.03046E-32,8.71836E-30,1945,1,0,2,2,0.666666667,0,0
ENSG00000157800,chr7,140103734,140105733,SLC37A3,84255,1,0.5,0.5,0.5,0.985786141,3.03046E-32,8.71836E-30,1945,3,1.333333333,2.666666667,0.666666667,0.222222222,0,0
ENSG00000214870,chr7,26436713,26438712,NA,NA,1,0.5,0.5,0.5,3.329105741,6.65764E-19,1.02645E-16,553,2,0,1.5,2.666666667,0.666666667,0,0
ENSG00000106344,chr7,127983463,127985462,RBM28,55131,1,0.5,0.5,0.5,0.985786141,1.28111E-18,1.63994E-16,1945,2,0,1.5,1.666666667,0.666666667,0,0
ENSG00000229365,chr7,156880738,156882737,NA,NA,1,0.5,0.5,1,6.658211483,9.31407E-18,7.64466E-16,290,2,2,1.5,0.333333333,0.666666667,0,0
ENSG00000187546,chr7,15601141,15603140,AGMO,392636,1,0.5,0.5,0.5,0.985786141,1.94118E-17,1.4218E-15,1945,1,1,2,1,1.333333333,0,0
ENSG00000236408,chr7,154656694,154658693,NA,NA,1,0.5,0.5,0.5,0.985786141,1.94118E-17,1.4218E-15,1945,1,1,2,1.333333333,0.666666667,0,0
ENSG00000216895,chr7,155437400,155439399,NA,100506302,1,0.5,0.5,0.5,0.985786141,1.94118E-17,1.4218E-15,1945,2,0.5,2.5,2.5,0.333333333,0,0
ENSG00000236753,chr7,131012482,131014481,MKLN1-AS,100506881,1,0.5,0.5,0.5,3.329105741,2.72731E-10,1.28561E-08,586,2,1,2,2.166666667,1,0.5,0
ENSG00000238385,chr7,96097235,96099234,NA,NA,1,0.5,0.5,0.5,3.329105741,3.82141E-10,1.65848E-08,630,2,1,1.5,1,0.5,0,0
ENSG00000202198,chr6,52858918,52860917,RN7SK,125050,1,0.5,0.5,0.5,3.329105741,6.65764E-19,1.02645E-16,553,2,0,1.5,1.833333333,0.666666667,0.5,0
ENSG00000234015,chr6,12585137,12587136,NA,101928309,1,0.5,0.5,0.5,0.985786141,1.94118E-17,1.4218E-15,1945,1,1,2,2.666666667,0.666666667,1,0
ENSG00000203909,chr6,74063519,74065518,DPPA5,340168,1,0.5,0.5,0.5,0.985786141,1.94118E-17,1.4218E-15,1945,1,1,2,1.333333333,0.666666667,0,0
ENSG00000231889,chr6,111803214,111805213,TRAF3IP2-AS1,643749,1,0.5,0.5,0.5,3.329105741,3.133E-10,1.45178E-08,601,2,0.5,2,2.5,0.333333333,0.5,0
ENSG00000251368,chr5,55045730,55047729,NA,NA,1,0.5,0.5,0.5,0.985786141,3.03046E-32,8.71836E-30,1945,1,0,2,1.666666667,0.666666667,0,0
ENSG00000080709,chr5,113695142,113697141,KCNN2,3781,1,0.5,0.5,0.5,0.985786141,1.94118E-17,1.4218E-15,1945,1,1,2,1,0.666666667,0,0
ENSG00000249486,chr5,8157402,8159401,NA,NA,1,0.5,0.5,0.5,3.329105741,3.133E-10,1.45178E-08,601,2,0.5,2,1.166666667,0.333333333,0,0
ENSG00000198787,chr4,4128797,4130796,OR4D12P,NA,1,0.5,0.5,0.5,3.329105741,7.86308E-28,1.74148E-25,553,2,0.5,1,1.333333333,0.833333333,0,0
ENSG00000109466,chr4,166127270,166129269,KLHL2,11275,1,0.5,0.5,0.5,0.985786141,2.27777E-19,3.94803E-17,1945,3,1.333333333,2.333333333,0.888888889,0.444444444,0,0
ENSG00000256889,chr4,92948429,92950428,NA,NA,1,0.5,0.5,0.5,0.985786141,1.94118E-17,1.4218E-15,1945,1,1,2,1.333333333,0.666666667,0,0
ENSG00000188517,chr4,110223314,110225313,COL25A1,84570,1,0.5,0.5,0.5,3.329105741,3.82141E-10,1.65848E-08,630,3,1,2.333333333,0.777777778,0.444444444,0,0
ENSG00000246774,chr4,110222691,110224690,NA,NA,1,0.5,0.5,0.5,3.329105741,3.82141E-10,1.65848E-08,630,3,1,2.333333333,0.777777778,0.444444444,0,0
ENSG00000244124,chr3,141637364,141639363,ATP1B3-AS1,NA,1,0.5,0.5,0.5,3.329105741,4.33592E-28,1.00832E-25,553,3,0.666666667,1.666666667,1.888888889,1.222222222,0,0
ENSG00000152642,chr3,32145681,32147680,GPD1L,23171,1,0.5,0.5,0.5,3.329105741,6.65764E-19,1.02645E-16,553,2,0,1.5,2.666666667,0.5,0.5,0
ENSG00000214021,chr3,9848270,9850269,TTLL3,26140,1,0.5,0.5,0.5,0.985786141,1.94118E-17,1.4218E-15,1945,1,1,2,0.666666667,0.666666667,0,0
ENSG00000228242,chr3,14184723,14186722,NA,NA,1,0.5,0.5,0.5,0.985786141,1.94118E-17,1.4218E-15,1945,1,1,2,0.666666667,0.666666667,0,0
ENSG00000173950,chr3,194991397,194993396,XXYLT1,152002,1,0.5,0.5,0.5,3.329105741,3.82141E-10,1.65848E-08,630,2,1.5,2,1.166666667,0.5,0,0
ENSG00000215454,chr21,45992106,45994105,KRTAP10-4,386672,1,0.5,0.5,0.5,0.985786141,3.03046E-32,8.71836E-30,1945,1,0,2,2,0.666666667,0,0
ENSG00000235012,chr21,40896010,40898009,NA,NA,1,0.5,0.5,0.5,0.985786141,1.94118E-17,1.4218E-15,1945,1,1,2,1.666666667,0.666666667,0,0
ENSG00000101200,chr20,3064871,3066870,AVP,551,1,0.5,0.5,0.5,0.985786141,2.64815E-33,2.98367E-30,1945,1,1,1,1,1.333333333,0,0
ENSG00000125898,chr20,812858,814857,FAM110A,83541,1,0.5,0.5,0.5,3.329105741,1.20663E-18,1.56617E-16,553,2,0,1,3,1.333333333,1,0
ENSG00000230353,chr2,106905010,106907009,NA,NA,1,0.5,0.5,0.5,0.985786141,3.03046E-32,8.71836E-30,1945,1,0,2,2.333333333,0.666666667,0,0
ENSG00000233370,chr2,110940131,110942130,NA,NA,1,0.5,0.5,0.5,0.985786141,3.03046E-32,8.71836E-30,1945,1,0,2,2,0.666666667,0,0
ENSG00000236564,chr2,99309072,99311071,YWHAQP5,NA,1,0.5,0.5,0.5,3.329105741,9.88756E-19,1.33944E-16,553,2,0,2,1.5,0.666666667,0,0
ENSG00000213962,chr2,178862998,178864997,API5P2,NA,1,0.5,0.5,0.5,0.985786141,1.94118E-17,1.4218E-15,1945,1,1,2,0.666666667,0.666666667,0,0
ENSG00000225539,chr2,195207493,195209492,NA,101927406,1,0.5,0.5,0.5,0.985786141,1.94118E-17,1.4218E-15,1945,1,1,2,1,0.666666667,0,0
ENSG00000229915,chr2,239335871,239337870,NA,NA,1,0.5,0.5,0.5,0.985786141,1.94118E-17,1.4218E-15,1945,1,1,2,1.666666667,0.666666667,0,0
ENSG00000084774,chr2,27438758,27440757,CAD,790,1,0.5,0.5,0.5,3.329105741,2.72731E-10,1.28561E-08,586,2,1,2,1.833333333,0.833333333,0,0
ENSG00000230406,chr2,222455661,222457660,NA,NA,1,0.5,0.5,0.5,3.329105741,2.72731E-10,1.28561E-08,586,2,1,2,1.166666667,0.333333333,0,0
ENSG00000265812,chr2,71242654,71244653,NA,NA,1,0.5,0.5,0.5,3.329105741,3.82141E-10,1.65848E-08,630,2,1.5,2,0.666666667,0.333333333,0,0
ENSG00000124467,chr19,43359344,43361343,PSG8,440533,1,0.5,0.5,0.5,0.985786141,3.03046E-32,8.71836E-30,1945,1,0,2,1.333333333,0.666666667,0,0
ENSG00000105552,chr19,49313787,49315786,BCAT2,587,1,0.5,0.5,0.5,3.329105741,7.86308E-28,1.74148E-25,553,2,0,0.5,2,1.166666667,0,0
ENSG00000176695,chr19,105971,107970,OR4F17,81099,1,0.5,0.5,0.5,3.329105741,7.28185E-19,1.08468E-16,553,5,1.6,2.4,0.666666667,0.2,0,0
ENSG00000063241,chr19,55973211,55975210,ISOC2,79763,1,0.5,0.5,0.5,3.329105741,9.88756E-19,1.33944E-16,553,2,0,2,2.5,0.333333333,0.5,0
ENSG00000268148,chr19,23472151,23474150,VN1R91P,NA,1,0.5,0.5,0.5,0.985786141,1.94118E-17,1.4218E-15,1945,1,1,2,0.666666667,0.666666667,0,0
ENSG00000252258,chr18,3025065,3027064,NA,NA,1,0.5,0.5,0.5,0.985786141,3.03046E-32,8.71836E-30,1945,1,0,2,4.333333333,0.666666667,1,0
ENSG00000264655,chr17,38522704,38524703,NA,NA,1,0.5,0.5,0.5,0.985786141,3.03046E-32,8.71836E-30,1945,1,0,2,2.333333333,0.666666667,0,0
ENSG00000265298,chr17,62745038,62747037,NA,NA,1,0.5,0.5,0.5,3.329105741,7.86308E-28,1.74148E-25,553,2,0,0.5,2,1.5,0,0
ENSG00000233002,chr17,15652007,15654006,NA,NA,1,0.5,0.5,0.5,0.985786141,1.94118E-17,1.4218E-15,1945,1,1,2,0.666666667,0.666666667,0,0
ENSG00000267227,chr17,15652130,15654129,NA,NA,1,0.5,0.5,0.5,0.985786141,1.94118E-17,1.4218E-15,1945,1,1,2,0.666666667,0.666666667,0,0
ENSG00000141367,chr17,57695719,57697718,CLTC,1213,1,0.5,0.5,0.5,3.329105741,2.72731E-10,1.28561E-08,586,2,1,2,1.166666667,0.333333333,0,0
ENSG00000175061,chr17,16340636,16342635,FAM211A-AS1,26800;125144;692087;692106,1,0.5,0.5,0.5,3.329105741,3.82141E-10,1.65848E-08,630,2,0.5,1,2.833333333,2.333333333,0.5,0.5
ENSG00000260835,chr16,6622268,6624267,NA,NA,1,0.5,0.5,0.5,0.985786141,3.03046E-32,8.71836E-30,1945,1,0,2,1,0.666666667,0,0
ENSG00000205629,chr16,25121550,25123549,LCMT1,51451,1,0.5,0.5,0.5,0.985786141,3.03046E-32,8.71836E-30,1945,1,0,2,1,0.666666667,0,0
ENSG00000260338,chr16,5665698,5667697,NA,101926950,1,0.5,0.5,0.5,3.329105741,8.36803E-19,1.19753E-16,553,2,0.5,1.5,2.833333333,0.5,1,0
ENSG00000265408,chr16,66975115,66977114,NA,NA,1,0.5,0.5,0.5,3.329105741,8.60416E-19,1.20657E-16,553,2,0.5,2,1.333333333,0.666666667,0,0
ENSG00000271129,chr16,69060047,69062046,NA,NA,1,0.5,0.5,0.5,3.329105741,1.20663E-18,1.56617E-16,553,2,0.5,1.5,1.666666667,0.666666667,0,0
ENSG00000070729,chr16,58004521,58006520,CNGB1,1258,1,0.5,0.5,0.5,0.985786141,1.94118E-17,1.4218E-15,1945,1,1,2,0.666666667,0.666666667,0,0
ENSG00000172236,chr16,1289197,1291196,TPSAB1,7177,0.75,0.25,0.5,0.5,3.329105741,3.82141E-10,1.65848E-08,630,2,1,1.5,0.833333333,0.5,0,0
ENSG00000198106,chr16,29261329,29263328,SNX29P2,440352,1,0.5,0.5,0.5,3.329105741,3.82141E-10,1.65848E-08,630,2,1.5,2,0.833333333,0.333333333,0,0
ENSG00000221405,chr15,32893988,32895987,NA,NA,1,0.5,0.5,0.5,3.329105741,1.20663E-18,1.56617E-16,553,2,0.5,1.5,1.5,0.666666667,0,0
ENSG00000104043,chr15,50474515,50476514,ATP8B4,79895,1,0.5,0.5,0.5,3.329105741,1.20663E-18,1.56617E-16,553,2,0.5,1.5,3,0.833333333,0.5,0
ENSG00000202188,chr15,25470756,25472755,SNORD115-31,100033805,1,0.5,0.5,0.5,0.985786141,1.94118E-17,1.4218E-15,1945,1,1,2,1.666666667,0.666666667,0,0
ENSG00000264600,chr15,64692172,64694171,RN7SL595P,NA,1,0.5,0.5,0.5,0.985786141,1.94118E-17,1.4218E-15,1945,1,1,2,3,0.666666667,1,0
ENSG00000259617,chr15,41289972,41291971,NA,NA,1,0.5,0.5,0.5,3.329105741,2.11167E-10,1.04855E-08,561,2,0.5,1.5,2.333333333,0.5,0.5,0
ENSG00000258497,chr14,101722169,101724168,NA,NA,0.5,0,0.5,1,6.658211483,7.27032E-33,2.98367E-30,31,2,0,2.5,3.666666667,0.333333333,1,0
ENSG00000211865,chr14,22987447,22989446,TRAJ24,NA,1,0.5,0.5,0.5,0.985786141,3.03046E-32,8.71836E-30,1945,1,0,2,1.666666667,0.666666667,0,0
ENSG00000211866,chr14,22987894,22989893,TRAJ23,NA,1,0.5,0.5,0.5,0.985786141,3.03046E-32,8.71836E-30,1945,1,0,2,1.666666667,0.666666667,0,0
ENSG00000100918,chr14,24639562,24641561,REC8,9985,1,0.5,0.5,0.5,3.329105741,8.60416E-19,1.20657E-16,553,2,1,1.5,1.166666667,1.166666667,0,0
ENSG00000271386,chr13,78858473,78860472,SRGNP1,NA,1,0.5,0.5,0.5,0.985786141,1.94118E-17,1.4218E-15,1945,1,1,2,1.666666667,0.666666667,0,0
ENSG00000120686,chr13,38922486,38924485,UFM1,51569,1,0.5,0.5,0.5,3.329105741,1.43109E-11,7.69479E-10,553,2,1.5,1.5,0.666666667,0.5,0,0
ENSG00000222481,chr12,29273316,29275315,NA,NA,1,0.5,0.5,0.5,0.985786141,2.64815E-33,2.98367E-30,1945,1,1,1,1,1.333333333,0,0
ENSG00000257053,chr12,121585313,121587312,NA,NA,1,0.5,0.5,0.5,0.985786141,3.03046E-32,8.71836E-30,1945,1,0,2,3,0.666666667,1,0
ENSG00000165714,chr12,12508513,12510512,LOH12CR1,118426,1,0.5,0.5,0.5,3.329105741,8.60416E-19,1.20657E-16,553,2,0.5,2,2,0.5,0.5,0
ENSG00000255996,chr12,5141608,5143607,NA,NA,1,0.5,0.5,0.5,3.329105741,9.88756E-19,1.33944E-16,553,2,0,2,2.333333333,0.833333333,0,0
ENSG00000270061,chr12,124454392,124456391,NA,NA,1,0.5,0.5,0.5,3.329105741,1.0212E-18,1.37669E-16,553,2,0.5,0.5,3.166666667,2,0.5,0.5
ENSG00000214826,chr12,9600326,9602325,DDX12P,440081,1,0.5,0.5,0.5,0.985786141,1.94118E-17,1.4218E-15,1945,3,1.333333333,2.666666667,0.666666667,0.222222222,0,0
ENSG00000257210,chr12,93517820,93519819,NACAP3,NA,1,0.5,0.5,0.5,0.985786141,1.94118E-17,1.4218E-15,1945,1,1,2,1.333333333,1.333333333,0,0
ENSG00000166860,chr12,57399731,57401730,ZBTB39,9880,1,0.5,0.5,0.5,3.329105741,2.72731E-10,1.28561E-08,586,3,1.333333333,2.333333333,0.777777778,0.222222222,0,0
ENSG00000052850,chr11,44331217,44333216,ALX4,60529,1,0.5,0.5,0.5,3.329105741,8.18891E-36,1.75784E-32,553,2,0,0,2.333333333,2,0,0
ENSG00000220204,chr11,34425997,34427996,NA,NA,1,0.5,0.5,0.5,0.985786141,2.64815E-33,2.98367E-30,1945,1,1,1,1.333333333,1.333333333,0,0
ENSG00000182334,chr11,7847020,7849019,OR5P3,120066,1,0.5,0.5,0.5,0.985786141,3.03046E-32,8.71836E-30,1945,1,0,2,1.666666667,0.666666667,0,0
ENSG00000156738,chr11,60221725,60223724,MS4A1,931,1,0.5,0.5,0.5,0.985786141,3.03046E-32,8.71836E-30,1945,1,0,2,3.333333333,0.666666667,0,0
ENSG00000204381,chr11,111409505,111411504,LAYN,143903,1,0.5,0.5,0.5,3.329105741,9.88756E-19,1.33944E-16,553,3,0.333333333,2.333333333,1.555555556,0.222222222,0,0
ENSG00000230851,chr11,3612346,3614345,NA,NA,0.75,0.25,0.5,0.5,3.329105741,9.11391E-11,4.70986E-09,553,4,1.25,2,1.083333333,0.416666667,0,0
ENSG00000246820,chr11,8189214,8191213,NA,NA,1,0.5,0.5,0.5,3.329105741,3.82141E-10,1.65848E-08,630,2,1.5,2,0.666666667,0.333333333,0,0
ENSG00000222071,chr10,21785071,21787070,MIR1915,100302129,1,0.5,0.5,0.5,0.985786141,3.03046E-32,8.71836E-30,1945,2,0.5,2.5,1.5,0.333333333,0,0
ENSG00000244332,chr10,96335696,96337695,NA,NA,1,0.5,0.5,0.5,0.985786141,3.03046E-32,8.71836E-30,1945,1,0,2,2,0.666666667,0,0
ENSG00000230224,chr10,102006528,102008527,PHBP9,NA,1,0.5,0.5,0.5,0.985786141,3.03046E-32,8.71836E-30,1945,1,0,2,1.666666667,0.666666667,0,0
ENSG00000183675,chr10,48827467,48829466,PTPN20B,26095;653129;101930271,1,0.5,0.5,0.5,3.329105741,1.20663E-18,1.56617E-16,553,2,0,1,2.166666667,1,0,0
ENSG00000122367,chr10,88426706,88428705,LDB3,11155,1,0.5,0.5,0.5,0.985786141,1.94118E-17,1.4218E-15,1945,1,1,2,1,0.666666667,0,0
ENSG00000214435,chr10,104627773,104629772,AS3MT,57412,1,0.5,0.5,0.5,3.329105741,2.11167E-10,1.04855E-08,561,2,0.5,1.5,1.666666667,0.833333333,0,0
ENSG00000162438,chr1,15763435,15765434,CTRC,11330,1,0.5,0.5,0.5,0.985786141,3.03046E-32,8.71836E-30,1945,1,0,2,2.666666667,0.666666667,0,0
ENSG00000259832,chr1,47433047,47435046,CYP4A26P,NA,1,0.5,0.5,0.5,0.985786141,3.03046E-32,8.71836E-30,1945,2,0.5,2.5,1.333333333,0.333333333,0,0
ENSG00000224481,chr1,147799624,147801623,NA,NA,1,0.5,0.5,0.5,0.985786141,3.03046E-32,8.71836E-30,1945,1,0,2,1.333333333,0.666666667,0,0
ENSG00000143595,chr1,154292066,154294065,AQP10,89872,1,0.5,0.5,0.5,0.985786141,3.03046E-32,8.71836E-30,1945,1,0,2,2.333333333,1.333333333,0,0
ENSG00000173110,chr1,161492536,161494535,HSPA6,3310,1,0.5,0.5,0.5,0.985786141,3.03046E-32,8.71836E-30,1945,1,0,2,1.333333333,0.666666667,0,0
ENSG00000159214,chr1,44455531,44457530,CCDC24,149473,1,0.5,0.5,0.5,3.329105741,5.60505E-28,1.29268E-25,553,2,1,1,2.166666667,0.666666667,0.5,0
ENSG00000237469,chr1,227682344,227684343,TUBB8P10,NA,1,0.5,0.5,0.5,3.329105741,6.65764E-19,1.02645E-16,553,2,0,1.5,2.666666667,0.5,0.5,0
ENSG00000272691,chr1,86043926,86045925,NA,NA,1,0.5,0.5,0.5,3.329105741,1.20663E-18,1.56617E-16,553,2,0.5,1.5,1.333333333,0.833333333,0,0
ENSG00000162592,chr1,3667462,3669461,CCDC27,148870,1,0.5,0.5,0.5,0.985786141,1.94118E-17,1.4218E-15,1945,1,1,2,0.666666667,0.666666667,0,0
ENSG00000097046,chr1,91964908,91966907,CDC7,8317,1,0.5,0.5,0.5,0.985786141,1.94118E-17,1.4218E-15,1945,1,1,2,0.666666667,0.666666667,0,0
ENSG00000227585,chr1,221723486,221725485,NA,NA,1,0.5,0.5,0.5,0.985786141,1.94118E-17,1.4218E-15,1945,1,1,2,2,0.666666667,0,0
ENSG00000234116,chr1,243170271,243172270,NA,NA,1,0.5,0.5,0.5,0.985786141,1.94118E-17,1.4218E-15,1945,1,1,2,2,0.666666667,0,0
ENSG00000142871,chr1,86044944,86046943,CYR61,3491,1,0.5,0.5,0.5,2.547999208,2.66045E-13,1.69117E-11,860,3,0.333333333,1.333333333,1.777777778,0.777777778,0,0
ENSG00000197701,chr4,51679,53678,ZNF595,NA,0.986111111,0.5,0.486111111,0.483333333,2.835595239,5.84377E-09,2.33969E-07,1088,8,1.625,1.875,0.708333333,0.541666667,0,0
ENSG00000179431,chr11,35638235,35640234,FJX1,24147,1,0.520833333,0.479166667,0.479166667,2.0786155,6.40451E-20,1.19949E-17,1091,4,0,1.5,2.583333333,0.833333333,0.25,0
ENSG00000152969,chr4,6201819,6203818,JAKMIP1,152789,1,0.525,0.475,0.475,0.918321351,2.55096E-20,5.31247E-18,2488,2,0.5,1.5,3,1.5,0.5,0.5
ENSG00000175287,chr9,131681674,131683673,PHYHD1,254295,0.75,0.283333333,0.466666667,0.466666667,2.483792579,1.67935E-07,6.12601E-06,1099,3,0.333333333,1.333333333,2.111111111,1.333333333,0.333333333,0.333333333
ENSG00000164175,chr5,33984336,33986335,SLC45A2,51151,0.962962963,0.5,0.462962963,0.5,3.329105741,3.82141E-10,1.65848E-08,630,3,0.333333333,1.666666667,1.777777778,1.111111111,0,0.333333333
ENSG00000010292,chr12,6601022,6603021,NCAPD2,9918,0.9625,0.5,0.4625,0.425,3.213132377,1.12367E-10,5.78545E-09,1182,4,0.5,2,1.833333333,0.333333333,0.25,0
ENSG00000145888,chr5,151303904,151305903,GLRA1,2741,0.958333333,0.5,0.458333333,0.458333333,3.266989286,3.02843E-10,1.41324E-08,1115,2,0.5,2,1.5,0.666666667,0,0
ENSG00000224356,chr13,101231872,101233871,NA,NA,0.833333333,0.375,0.458333333,0.458333333,3.245328693,6.03177E-28,1.37969E-25,1115,2,1,0.5,1.333333333,1.666666667,0,0
ENSG00000139726,chr12,123235821,123237820,DENR,8562,0.95,0.5,0.45,0.45,3.25389732,7.34617E-19,1.08468E-16,1126,2,0.5,1.5,1.5,0.5,0.5,0
ENSG00000264675,chr7,101934869,101936868,MIR4285,100422858,1,0.555555556,0.444444444,0.444444444,2.412016516,2.00012E-13,1.29502E-11,1147,3,0,1,2.555555556,1,0.666666667,0
ENSG00000138796,chr4,108909370,108911369,HADH,3033,0.944444444,0.5,0.444444444,0.444444444,3.245035445,6.83389E-19,1.04784E-16,1152,2,0.5,1,1.166666667,1.333333333,0,0
ENSG00000080511,chr19,10122425,10124424,RDH8,50700,0.944444444,0.5,0.444444444,0.444444444,3.245035445,1.5892E-11,8.51215E-10,1152,2,1,1.5,2,0.833333333,0,0
ENSG00000262885,chr16,34256210,34258209,NA,NA,0.944444444,0.5,0.444444444,0.444444444,2.461272405,3.37525E-13,2.08384E-11,1147,3,0,1,1.444444444,1,0,0
ENSG00000166405,chr11,8190103,8192102,RIC3,79608,0.944444444,0.5,0.444444444,0.444444444,3.245035445,2.18573E-10,1.07956E-08,1152,2,0.5,1,1.5,0.666666667,0,0
ENSG00000242636,chr19,7814070,7816069,RPL21P129,NA,0.5,0.0625,0.4375,0.4375,1.45166199,2.32948E-10,1.13847E-08,1502,2,1,1.5,2.166666667,1.166666667,0,0
ENSG00000110200,chr11,71823327,71825326,ANAPC15,25906,0.9375,0.5,0.4375,0.375,3.123963757,3.01057E-10,1.40807E-08,1317,4,1.25,2.5,1,0.166666667,0,0
ENSG00000121690,chr11,33035910,33037909,DEPDC7,91614,0.9375,0.5,0.4375,0.416666667,2.411237885,2.03768E-07,7.31834E-06,1197,4,1,1.5,1.166666667,0.833333333,0.25,0
ENSG00000126233,chr8,143823330,143825329,SLURP1,57152,1,0.571428571,0.428571429,0.428571429,0.796681421,1.99392E-17,1.45661E-15,2699,1,1,2,1,2.333333333,0,1
ENSG00000164091,chr3,52321537,52323536,WDR82,80335,0.925925926,0.5,0.425925926,0.444444444,3.245035445,2.55994E-10,1.22957E-08,1152,3,0.333333333,2,2.444444444,0.666666667,0,0
ENSG00000123297,chr12,58174872,58176871,TSFM,10102,0.546031746,0.125,0.421031746,0.421031746,3.436430615,0.000600108,0.01488587,1184,2,0,1,5,1,2,0
ENSG00000222468,chr8,31455221,31457220,RNA5SP261,NA,1,0.583333333,0.416666667,0.416666667,0.767440553,0.000789739,0.019331984,2761,1,1,1,2.666666667,1.666666667,1,0
ENSG00000112624,chr6,42748265,42750264,GLTSCR1L,23506,1,0.583333333,0.416666667,0.416666667,0.767440553,2.23209E-05,0.000630453,2761,1,0,1,2,1.666666667,0,0
ENSG00000205634,chr22,48026819,48028818,LINC00898,400932,1,0.583333333,0.416666667,0.416666667,0.767440553,2.23209E-05,0.000630453,2761,1,0,1,2.666666667,1.666666667,0,0
ENSG00000234107,chr21,33211153,33213152,TPT1P1,NA,1,0.583333333,0.416666667,0.416666667,0.767440553,0.000789739,0.019331984,2761,1,1,1,1.666666667,1.666666667,0,0
ENSG00000262001,chr18,3601498,3603497,DLGAP1-AS2,NA,0.666666667,0.25,0.416666667,0.25,0.49289307,1.2176E-19,2.19215E-17,3779,3,1,2,1.777777778,0.444444444,0.666666667,0
ENSG00000264548,chr17,80170603,80172602,NA,NA,0.916666667,0.5,0.416666667,0.416666667,2.411237885,2.03768E-07,7.31834E-06,1197,3,0.666666667,1.333333333,2,1,0,0.333333333
ENSG00000069431,chr12,22093837,22095836,ABCC9,10060,1,0.583333333,0.416666667,0.222222222,0.415322183,2.66242E-07,9.31047E-06,4323,4,1.5,1.25,0.75,0.75,0,0
ENSG00000143515,chr1,154296529,154298528,ATP8B2,57198,0.944444444,0.533333333,0.411111111,0.411111111,2.375168406,1.7114E-25,3.67372E-23,1251,3,0.333333333,2,2.222222222,0.888888889,0,0.333333333
ENSG00000221020,chr17,40549527,40551526,NA,NA,1,0.6,0.4,0.4,0.727474145,2.01633E-17,1.46913E-15,2823,1,1,2,1,1.666666667,0,1
ENSG00000214100,chr2,130691391,130693390,NA,389033,0.083333333,0.5,-0.416666667,-0.583333333,-3.614549399,7.34625E-19,1.08468E-16,507,5,1.2,2.4,0.6,0.266666667,0,0
ENSG00000240995,chr17,47225974,47227973,NA,NA,0.583333333,1,-0.416666667,-0.416666667,-0.767440553,0.000789739,0.019331984,2761,1,1,1,1.666666667,0.666666667,0,0
ENSG00000211915,chr14,106358920,106360919,IGHD5-18,NA,0,0.416666667,-0.416666667,-0.416666667,-5.415037499,2.23209E-05,0.000630453,1224,1,0,1,3.333333333,2.333333333,0,0
ENSG00000198252,chr14,53195398,53197397,STYX,6815,0.555555556,1,-0.444444444,-0.444444444,-2.412016516,1.4357E-13,9.56196E-12,1147,3,0,1.666666667,2.888888889,0.777777778,0.666666667,0
ENSG00000055130,chr7,148393506,148395505,CUL1,8454,0.5,1,-0.5,-0.5,-3.329105741,3.82141E-10,1.65848E-08,630,2,1.5,1,1,0.833333333,0,0
ENSG00000212590,chr7,152304898,152306897,NA,NA,0.5,1,-0.5,-0.5,-3.329105741,3.82141E-10,1.65848E-08,630,2,2,1.5,0.666666667,0.666666667,0,0
ENSG00000092820,chr6,159239945,159241944,EZR,7430,0.5,1,-0.5,-0.5,-3.329105741,6.65764E-19,1.02645E-16,553,2,1,0.5,1.833333333,1.166666667,0.5,0
ENSG00000205302,chr5,122109191,122111190,SNX2,6643,0.5,1,-0.5,-0.5,-0.985786141,1.94118E-17,1.4218E-15,2243,1,2,1,0.666666667,0.666666667,0,0
ENSG00000248698,chr4,14112092,14114091,LINC01085,152742,0,0.5,-0.5,0,0,0.004090463,0.090594008,14120,2,2,2,0.5,0.333333333,0,0
ENSG00000159082,chr21,34099860,34101859,SYNJ1,8867,0.5,1,-0.5,-0.5,-0.985786141,3.03046E-32,8.71836E-30,2243,1,2,0,0.666666667,1.333333333,0,0
ENSG00000238197,chr21,34098926,34100925,PAXBP1-AS1,100506215,0.5,1,-0.5,-0.5,-0.985786141,3.03046E-32,8.71836E-30,2243,1,2,0,0.666666667,1.333333333,0,0
ENSG00000104936,chr19,46285311,46287310,DMPK,1760,0.5,1,-0.5,-0.5,-0.985786141,5.40642E-33,2.98367E-30,2243,1,1,1,1.333333333,1.333333333,0,0
ENSG00000105392,chr19,48321203,48323202,CRX,1406,0,0.5,-0.5,-0.5,-5.672425342,7.27046E-33,2.98367E-30,476,1,0,2,3.333333333,0.666666667,1,0
ENSG00000268734,chr19,55400539,55402538,NA,NA,0,0.5,-0.5,-0.5,-5.672425342,7.27046E-33,2.98367E-30,476,1,0,2,2,1.333333333,0,0
ENSG00000264193,chr18,23532933,23534932,NA,NA,0.5,1,-0.5,-0.5,-0.985786141,1.63308E-47,4.14298E-44,2243,1,1,0,1.333333333,1.333333333,0,0
ENSG00000185182,chr15,22715105,22717104,GOLGA8DP,NA,0,0.5,-0.5,-0.5,-5.672425342,1.02439E-19,1.8807E-17,476,1,2,1,0.333333333,1.333333333,0,0
ENSG00000165819,chr14,21979018,21981017,METTL3,56339,0.5,1,-0.5,-0.5,-3.329105741,1.64411E-11,8.77258E-10,553,2,0.5,2,1.5,0.333333333,0,0
ENSG00000237356,chr14,53634272,53636271,NA,NA,0.5,1,-0.5,-0.5,-3.329105741,2.72731E-10,1.28561E-08,586,2,1.5,1.5,0.5,0.833333333,0,0
ENSG00000111335,chr12,113414700,113416699,OAS2,4939,0.5,1,-0.5,-0.5,-0.985786141,1.63308E-47,4.14298E-44,2243,1,1,0,1.333333333,2,0,0
ENSG00000258358,chr12,84843158,84845157,NA,NA,0.5,1,-0.5,-0.5,-0.985786141,1.94118E-17,1.4218E-15,2243,1,2,1,0.666666667,1.333333333,0,0
ENSG00000173456,chr11,119203737,119205736,RNF26,79102,0.25,0.75,-0.5,-0.416666667,-3.125131704,2.07726E-28,4.87125E-26,1197,4,0,2,1.5,0.333333333,0,0
ENSG00000072422,chr10,62760699,62762698,RHOBTB1,9886,0,0.5,-0.5,-0.5,-3.329105741,9.10578E-13,5.01195E-11,553,2,1,2,1,0.5,0,0
ENSG00000234678,chr1,201978982,201980981,NA,NA,0.5,1,-0.5,-0.5,-3.329105741,5.39977E-19,8.71018E-17,553,2,0,1,2.166666667,1.333333333,0,0
ENSG00000249007,chr1,201978998,201980997,NA,NA,0.5,1,-0.5,-0.5,-3.329105741,5.39977E-19,8.71018E-17,553,2,0,1,2.166666667,1.333333333,0,0
ENSG00000117154,chr1,18432740,18434739,IGSF21,84966,0.5,1,-0.5,-0.5,-0.985786141,1.94118E-17,1.4218E-15,2243,1,2,1,0.666666667,1.333333333,0,0
ENSG00000230813,chr1,246688832,246690831,NA,NA,0.5,1,-0.5,-0.5,-0.985786141,1.94118E-17,1.4218E-15,2243,1,2,1,0.666666667,0.666666667,0,0
ENSG00000233427,chr1,29203349,29205348,NA,NA,0.5,1,-0.5,-0.5,-3.329105741,1.64411E-11,8.77258E-10,553,2,0.5,2,1.166666667,0.833333333,0,0
ENSG00000125744,chr19,45999820,46001819,RTN2,6253,0.177777778,0.7,-0.522222222,-0.522222222,-4.165869503,7.57654E-20,1.40954E-17,467,3,0,0.666666667,2,1.777777778,0.666666667,0.666666667
ENSG00000268470,chr17,76493411,76495410,DNAH17-AS1,NA,0.433333333,1,-0.566666667,-0.566666667,-3.431233238,3.08401E-19,5.21591E-17,539,2,0,1,2,1.333333333,0.5,0
ENSG00000231742,chr20,48787587,48789586,NA,101927541,0.166666667,0.75,-0.583333333,-0.583333333,-3.614549399,1.27359E-11,6.87443E-10,517,2,0.5,1.5,1.333333333,0.666666667,0,0
ENSG00000232646,chr10,74823384,74825383,NA,NA,0.416666667,1,-0.583333333,-0.583333333,-1.243173983,0.003231974,0.07497213,1686,1,0,2,2.666666667,0.666666667,0,0
ENSG00000111361,chr12,124117814,124119813,EIF2B1,1967,0.277777778,1,-0.722222222,-0.62962963,-3.239387881,8.45709E-14,5.71437E-12,678,4,0.75,2.25,1.333333333,0.5,0,0
ENSG00000153898,chr1,85462297,85464296,MCOLN2,255231,0,0.75,-0.75,-0.75,-6.247927513,6.02621E-33,2.98367E-30,247,1,0,2,1.666666667,1.333333333,0,0
ENSG00000249359,chr5,21340985,21342984,NA,NA,0,0.788888889,-0.788888889,-0.69047619,-5.388216601,1.64492E-13,1.08775E-11,421,15,2.266666667,1.866666667,0.377777778,0.577777778,0,0
ENSG00000183666,chr5,21340442,21342441,GUSBP1,375513;728411,0,0.788888889,-0.788888889,-0.69047619,-5.388216601,1.64492E-13,1.08775E-11,421,15,2.266666667,1.866666667,0.377777778,0.577777778,0,0
ENSG00000225413,chr22,23855290,23857289,NA,NA,0,0.833333333,-0.833333333,-0.5,-3.329105741,2.00562E-11,1.06405E-09,553,6,2.166666667,1.666666667,0.944444444,0.611111111,0.166666667,0
ENSG00000111358,chr12,124116875,124118874,GTF2H3,2967,0.055555556,1,-0.944444444,-0.944444444,-4.859081821,1.54506E-19,2.72888E-17,412,2,0,2,1.666666667,0.5,0,0
ENSG00000233526,chr9,79685516,79687515,NA,NA,0,1,-1,-1,-6.658211483,1.74424E-33,2.43374E-30,16,1,0,2,2,0.666666667,0,0
ENSG00000244623,chr7,99474181,99476180,OR2AE1,81392,0,1,-1,-1,-6.658211483,9.31407E-18,7.64466E-16,290,1,2,1,0.333333333,1,0,0
ENSG00000244618,chr6,25031011,25033010,RN7SL334P,NA,0,1,-1,-1,-6.658211483,1.29704E-33,2.41302E-30,14,1,1,1,1.333333333,2.666666667,0,0
ENSG00000231226,chr6,30071517,30073516,TRIM31-AS1,NA,0,1,-1,-1,-6.658211483,1.74424E-33,2.43374E-30,16,1,0,2,2,0.333333333,0,0
ENSG00000135318,chr6,86158309,86160308,NT5E,4907,0,1,-1,-1,-6.658211483,4.9152E-20,9.26781E-18,135,1,1,2,0.666666667,0.333333333,0,0
ENSG00000231461,chr6,33064573,33066572,HLA-DPA2,NA,0,1,-1,-1,-6.658211483,9.31407E-18,7.64466E-16,290,1,2,1,0.333333333,0.666666667,0,0
ENSG00000112365,chr6,109803941,109805940,ZBTB24,9841,0,1,-1,-1,-6.658211483,9.31407E-18,7.64466E-16,290,1,2,1,0.333333333,0.666666667,0,0
ENSG00000256121,chr5,115780331,115782330,NA,NA,0,1,-1,-1,-6.658211483,9.31407E-18,7.64466E-16,290,1,2,1,0.333333333,1,0,0
ENSG00000164114,chr4,156297623,156299622,MAP9,79884,0,1,-1,-1,-6.658211483,4.91945E-12,2.67607E-10,513,2,1.5,2,0.666666667,0.333333333,0,0
ENSG00000185608,chr22,19417925,19419924,MRPL40,64976,0,1,-1,-1,-6.658211483,9.31407E-18,7.64466E-16,290,2,2.5,0.5,0.166666667,1,0,0
ENSG00000264691,chr21,39333468,39335467,NA,NA,0,1,-1,-1,-6.658211483,1.74424E-33,2.43374E-30,16,1,0,2,1,1,0,0
ENSG00000149443,chr20,18810298,18812297,C20orf78,100128496,0,1,-1,-1,-6.658211483,4.9152E-20,9.26781E-18,135,1,1,2,2,0.333333333,0,0
ENSG00000228909,chr2,220769111,220771110,NA,NA,0,1,-1,-1,-6.658211483,4.9152E-20,9.26781E-18,135,1,1,2,0.666666667,0.333333333,0,0
ENSG00000153823,chr2,230135502,230137501,PID1,55022,0,1,-1,-1,-6.658211483,4.9152E-20,9.26781E-18,135,1,1,2,1,1,0,0
ENSG00000226785,chr2,34607355,34609354,NA,NA,0,1,-1,-1,-6.658211483,9.31407E-18,7.64466E-16,290,1,2,1,0.333333333,1,0,0
ENSG00000226124,chr2,200715397,200717396,FTCDNL1,NA,0,1,-1,-1,-6.658211483,9.31407E-18,7.64466E-16,290,1,2,1,0.333333333,0.666666667,0,0
ENSG00000126457,chr19,50177543,50179542,PRMT1,3276,0,1,-1,-1,-6.658211483,4.9152E-20,9.26781E-18,135,1,1,2,1,0.333333333,0,0
ENSG00000269404,chr19,50920695,50922694,SPIB,6689,0,1,-1,-1,-6.658211483,4.9152E-20,9.26781E-18,135,1,1,2,0.666666667,0.333333333,0,0
ENSG00000265840,chr17,27076598,27078597,NA,NA,0,1,-1,-1,-6.658211483,1.29704E-33,2.41302E-30,14,1,1,1,1,1.333333333,0,0
ENSG00000179314,chr17,5674054,5676053,WSCD1,23302;339166,0,1,-1,-1,-6.658211483,9.31407E-18,7.64466E-16,290,1,2,1,0.333333333,1,0,0
ENSG00000264937,chr15,64987321,64989320,NA,NA,0,1,-1,-1,-6.658211483,1.74424E-33,2.43374E-30,16,1,0,2,1.666666667,0.333333333,0,0
ENSG00000047621,chr12,4647175,4649174,C12orf4,57102,0,1,-1,-1,-6.658211483,4.9152E-20,9.26781E-18,135,1,1,2,0.666666667,0.333333333,0,0
ENSG00000111247,chr12,4646450,4648449,RAD51AP1,10635,0,1,-1,-1,-6.658211483,4.9152E-20,9.26781E-18,135,1,1,2,0.666666667,0.333333333,0,0
ENSG00000183562,chr11,3009593,3011592,NA,NA,0,1,-1,-1,-6.658211483,9.31407E-18,7.64466E-16,290,1,2,1,0.333333333,0.666666667,0,0
ENSG00000166796,chr11,18432354,18434353,LDHC,3948,0,1,-1,-1,-6.658211483,9.31407E-18,7.64466E-16,290,1,2,1,0.333333333,1.333333333,0,0
ENSG00000232372,chr1,224175357,224177356,NA,NA,0,1,-1,-1,-6.658211483,1.74424E-33,2.43374E-30,16,1,0,2,1.333333333,0.333333333,0,0