id,Chromosome,Start,End,mean.mean.CMP,mean.mean.MPP,Difference,mean.mean.diff,mean.mean.quot.log2,comb.p.val,comb.p.adj.fdr,combinedRank,num.sites,mean.num.na.CMP,mean.num.na.MPP,mean.mean.covg.CMP,mean.mean.covg.MPP,mean.nsamples.covg.thres5.CMP,mean.nsamples.covg.thres5.MPP
355839,chr5,122856800,122857600,1,0,1,1,6.658211483,3.68919E-49,1.35777E-45,3,1,0,1,2.666666667,1,0,0
544640,chr8,126429800,126430600,1,0,1,1,6.658211483,3.68919E-49,1.35777E-45,3,1,0,1,2.333333333,0.666666667,0,0
938989,chr17,1284000,1284600,1,0,1,1,6.658211483,3.68919E-49,1.35777E-45,3,1,0,1,2.666666667,1.333333333,0,0
136975,chr2,65065400,65066000,1,0,1,1,6.658211483,1.76358E-33,1.5454E-30,17,1,2,0,0.333333333,1.333333333,0,0
22760,chr1,31486000,31486400,1,0,1,1,6.658211483,7.34934E-33,2.33183E-30,31,1,0,2,2,0.333333333,0,0
99532,chr1,229688400,229689400,1,0,1,1,6.658211483,7.34934E-33,2.33183E-30,31,1,0,2,3,0.333333333,1,0
114551,chr2,15003400,15003800,1,0,1,1,6.658211483,7.34934E-33,2.33183E-30,31,1,0,2,1.333333333,0.333333333,0,0
204468,chr3,10273200,10273800,1,0,1,1,6.658211483,7.34934E-33,2.33183E-30,31,1,0,2,1.333333333,0.333333333,0,0
225364,chr3,53785200,53786400,1,0,1,1,6.658211483,7.34934E-33,2.33183E-30,31,1,0,2,2.666666667,0.333333333,0,0
246896,chr3,129296400,129297400,1,0,1,1,6.658211483,7.34934E-33,2.33183E-30,31,1,0,2,3,0.333333333,0,0
270304,chr3,190963400,190963800,1,0,1,1,6.658211483,7.34934E-33,2.33183E-30,31,1,0,2,2.333333333,0.333333333,0,0
271039,chr3,193462400,193462800,1,0,1,1,6.658211483,7.34934E-33,2.33183E-30,31,1,0,2,1,0.333333333,0,0
407931,chr6,41975000,41975600,1,0,1,1,6.658211483,7.34934E-33,2.33183E-30,31,1,0,2,3,0.333333333,1,0
513241,chr8,23193400,23194000,1,0,1,1,6.658211483,7.34934E-33,2.33183E-30,31,1,0,2,2,0.333333333,0,0
595427,chr9,135869800,135870600,1,0,1,1,6.658211483,7.34934E-33,2.33183E-30,31,1,0,2,3,0.333333333,0,0
632714,chr10,11667400,11667800,1,0,1,1,6.658211483,7.34934E-33,2.33183E-30,31,1,0,2,1,0.333333333,0,0
634331,chr10,13841200,13841400,1,0,1,1,6.658211483,7.34934E-33,2.33183E-30,31,1,0,2,2.333333333,0.333333333,0,0
648146,chr10,63754000,63754400,1,0,1,1,6.658211483,7.34934E-33,2.33183E-30,31,1,0,2,1.666666667,0.333333333,0,0
736155,chr11,126288800,126289600,1,0,1,1,6.658211483,7.34934E-33,2.33183E-30,31,1,0,2,2,0.333333333,0,0
750921,chr12,14410800,14411200,1,0,1,1,6.658211483,7.34934E-33,2.33183E-30,31,1,0,2,2,0.333333333,0,0
795596,chr12,132555400,132555600,1,0,1,1,6.658211483,5.46531E-33,2.33183E-30,25,1,1,1,1,0.666666667,0,0
829707,chr14,35824800,35825200,1,0,1,1,6.658211483,7.34934E-33,2.33183E-30,31,1,0,2,1.333333333,0.333333333,0,0
925634,chr16,68403800,68404400,1,0,1,1,6.658211483,5.46531E-33,2.33183E-30,25,1,1,1,1.666666667,0.666666667,0,0
925874,chr16,68796000,68796200,1,0,1,1,6.658211483,7.34934E-33,2.33183E-30,31,1,0,2,1.333333333,0.333333333,0,0
958704,chr17,36856400,36857200,1,0,1,1,6.658211483,7.34934E-33,2.33183E-30,31,1,0,2,1,1,0,0
1011879,chr18,74778000,74779200,1,0,1,1,6.658211483,7.34934E-33,2.33183E-30,31,1,0,2,2,0.333333333,0,0
1012343,chr18,77139200,77139600,1,0,1,1,6.658211483,7.34934E-33,2.33183E-30,31,1,0,2,2.333333333,0.333333333,0,0
1097919,chr22,30789200,30789600,1,0,1,1,6.658211483,7.34934E-33,2.33183E-30,31,1,0,2,1,0.333333333,0,0
1105897,chr22,42163800,42164400,1,0,1,1,6.658211483,7.34934E-33,2.33183E-30,31,1,0,2,2,0.333333333,0,0
570864,chr9,87369200,87371400,1,0,1,1,6.658211483,5.84251E-20,6.93638E-18,147,1,2,1,0.666666667,1,0,0
696694,chr11,35412400,35413200,1,0,1,1,6.658211483,5.84251E-20,6.93638E-18,147,1,2,1,0.666666667,1,0,0
913654,chr16,24986800,24987200,1,0,1,1,6.658211483,5.84251E-20,6.93638E-18,147,1,2,1,0.333333333,1.333333333,0,0
918945,chr16,48868000,48868400,1,0,1,1,6.658211483,5.84251E-20,6.93638E-18,147,1,2,1,0.333333333,0.666666667,0,0
7050,chr1,9764800,9765200,1,0,1,1,6.658211483,9.41847E-18,6.34867E-16,221,1,1,2,1,0.333333333,0,0
30728,chr1,42183200,42183600,1,0,1,1,6.658211483,9.41847E-18,6.34867E-16,221,1,1,2,1.333333333,0.333333333,0,0
45542,chr1,85319600,85320000,1,0,1,1,6.658211483,9.41847E-18,6.34867E-16,221,1,1,2,0.666666667,0.333333333,0,0
64391,chr1,153706000,153707000,1,0,1,1,6.658211483,9.41847E-18,6.34867E-16,221,1,1,2,0.666666667,0.333333333,0,0
101180,chr1,232733200,232733400,1,0,1,1,6.658211483,9.41847E-18,6.34867E-16,221,1,1,2,1,0.333333333,0,0
105596,chr1,245083000,245084200,1,0,1,1,6.658211483,9.41847E-18,6.34867E-16,221,1,1,2,0.666666667,0.333333333,0,0
143612,chr2,85123800,85124000,1,0,1,1,6.658211483,9.41847E-18,6.34867E-16,221,1,1,2,1.666666667,0.333333333,0,0
165966,chr2,152906800,152907400,1,0,1,1,6.658211483,9.41847E-18,6.34867E-16,221,1,1,2,0.666666667,0.333333333,0,0
198412,chr2,240189400,240189600,1,0,1,1,6.658211483,9.41847E-18,6.34867E-16,221,1,1,2,0.666666667,0.333333333,0,0
270211,chr3,190335600,190336000,1,0,1,1,6.658211483,9.41847E-18,6.34867E-16,221,1,1,2,1,0.333333333,0,0
377427,chr5,172115800,172116200,1,0,1,1,6.658211483,9.41847E-18,6.34867E-16,221,1,1,2,1,0.333333333,0,0
381186,chr5,179110600,179111600,1,0,1,1,6.658211483,9.41847E-18,6.34867E-16,221,1,1,2,1,0.666666667,0,0
412845,chr6,53167600,53168000,1,0,1,1,6.658211483,9.41847E-18,6.34867E-16,221,1,1,2,1,0.333333333,0,0
414622,chr6,64247000,64247400,1,0,1,1,6.658211483,9.41847E-18,6.34867E-16,221,1,1,2,0.666666667,0.333333333,0,0
472525,chr7,68899200,68899800,1,0,1,1,6.658211483,9.41847E-18,6.34867E-16,221,1,1,2,2,0.666666667,0,0
514125,chr8,25963000,25963600,1,0,1,1,6.658211483,9.41847E-18,6.34867E-16,221,1,1,2,0.666666667,0.333333333,0,0
530836,chr8,80672400,80673000,1,0,1,1,6.658211483,9.41847E-18,6.34867E-16,221,1,1,2,0.666666667,0.333333333,0,0
538714,chr8,103809400,103810200,1,0,1,1,6.658211483,9.41847E-18,6.34867E-16,221,1,1,2,2.333333333,0.333333333,0,0
544504,chr8,126265800,126268000,1,0,1,1,6.658211483,9.41847E-18,6.34867E-16,221,1,1,2,2,0.333333333,0,0
563694,chr9,35660800,35661600,1,0,1,1,6.658211483,9.41847E-18,6.34867E-16,221,1,1,2,1,0.666666667,0,0
633224,chr10,12233800,12234000,1,0,1,1,6.658211483,9.41847E-18,6.34867E-16,221,1,1,2,1.666666667,0.333333333,0,0
671601,chr10,111841400,111841600,1,0,1,1,6.658211483,9.41847E-18,6.34867E-16,221,1,1,2,2,0.333333333,0,0
726335,chr11,111990200,111991000,1,0,1,1,6.658211483,9.41847E-18,6.34867E-16,221,1,1,2,0.666666667,0.333333333,0,0
739739,chr11,133137800,133139000,1,0,1,1,6.658211483,9.41847E-18,6.34867E-16,221,1,1,2,1.666666667,0.666666667,0,0
742131,chr12,732400,733000,1,0,1,1,6.658211483,9.41847E-18,6.34867E-16,221,1,1,2,1.666666667,0.333333333,0,0
752731,chr12,24330600,24330800,1,0,1,1,6.658211483,9.41847E-18,6.34867E-16,221,1,1,2,1,0.333333333,0,0
752732,chr12,24330800,24331200,1,0,1,1,6.658211483,9.41847E-18,6.34867E-16,221,1,1,2,1,0.333333333,0,0
781082,chr12,105076200,105077200,1,0,1,1,6.658211483,9.41847E-18,6.34867E-16,221,1,1,2,0.666666667,0.333333333,0,0
818433,chr13,97929400,97929800,1,0,1,1,6.658211483,9.41847E-18,6.34867E-16,221,1,1,2,0.666666667,0.333333333,0,0
825925,chr14,23264400,23265000,1,0,1,1,6.658211483,9.41847E-18,6.34867E-16,221,1,1,2,1,0.333333333,0,0
825972,chr14,23298400,23298600,1,0,1,1,6.658211483,9.41847E-18,6.34867E-16,221,1,1,2,1,0.333333333,0,0
879019,chr15,64182800,64183200,1,0,1,1,6.658211483,9.41847E-18,6.34867E-16,221,1,1,2,1,0.333333333,0,0
895655,chr15,90955400,90955800,1,0,1,1,6.658211483,9.41847E-18,6.34867E-16,221,1,1,2,0.666666667,0.333333333,0,0
911325,chr16,21378800,21379800,1,0,1,1,6.658211483,9.41847E-18,6.34867E-16,221,1,1,2,1,0.333333333,0,0
916108,chr16,30426800,30427800,1,0,1,1,6.658211483,9.41847E-18,6.34867E-16,221,1,1,2,0.666666667,0.333333333,0,0
965346,chr17,45317800,45318200,1,0,1,1,6.658211483,9.41847E-18,6.34867E-16,221,1,1,2,3.333333333,0.333333333,1,0
972121,chr17,57931000,57931400,1,0,1,1,6.658211483,9.41847E-18,6.34867E-16,221,1,1,2,1.666666667,0.333333333,0,0
1017224,chr19,4815400,4815800,1,0,1,1,6.658211483,9.41847E-18,6.34867E-16,221,1,1,2,1.666666667,0.333333333,0,0
1018819,chr19,6987600,6987800,1,0,1,1,6.658211483,9.41847E-18,6.34867E-16,221,1,1,2,2,0.333333333,0,0
1071087,chr20,49141000,49142400,1,0,1,1,6.658211483,9.41847E-18,6.34867E-16,221,2,0.5,2.5,1.833333333,0.166666667,0,0
1093831,chr22,23767200,23767400,1,0,1,1,6.658211483,9.41847E-18,6.34867E-16,221,1,1,2,0.666666667,0.333333333,0,0
1106738,chr22,43063400,43063600,1,0,1,1,6.658211483,9.41847E-18,6.34867E-16,221,1,1,2,0.666666667,0.333333333,0,0
550586,chr8,142398800,142399400,1,0.25,0.75,0.75,3.821998812,1.18866E-36,1.6826E-33,538,2,0.5,1.5,2.5,0.833333333,0.5,0
818774,chr13,99141000,99141600,1,0.25,0.75,0.75,3.821998812,6.88719E-28,9.05271E-26,538,2,0.5,2,2,0.5,0,0
631852,chr10,8173200,8174200,1,0.25,0.75,0.75,3.821998812,5.76838E-19,5.89721E-17,538,2,0,1.5,1.5,0.5,0,0
889805,chr15,79309000,79309800,0.666666667,0,0.666666667,0.666666667,5.879874755,5.623E-45,1.14972E-41,288,2,0.5,1,3,1.333333333,0.5,0
1039386,chr19,47596600,47598800,1,0.333333333,0.666666667,0.666666667,1.556673456,2.71538E-32,5.29325E-30,1012,1,0,2,2,1,0,0
1085022,chr21,40157800,40158600,1,0.333333333,0.666666667,0.666666667,1.556673456,2.71538E-32,5.29325E-30,1012,1,0,2,2.666666667,1,0,0
419721,chr6,88947400,88947600,1,0.333333333,0.666666667,0.666666667,1.556673456,1.84469E-17,1.13211E-15,1012,1,1,2,0.666666667,1,0,0
984351,chr17,77894800,77895800,1,0.333333333,0.666666667,0.666666667,1.556673456,1.84469E-17,1.13211E-15,1012,1,1,2,1.333333333,1,0,0
1041892,chr19,50849800,50851200,1,0.333333333,0.666666667,0.666666667,1.556673456,1.84469E-17,1.13211E-15,1012,1,1,2,1.333333333,1,0,0
982442,chr17,75468000,75470400,1,0.354166667,0.645833333,0.645833333,1.474049199,3.885E-19,4.08525E-17,1080,2,0,1.5,3,1.333333333,0.5,0
992373,chr18,11500400,11500800,0.877777778,0.25,0.627777778,0.597222222,3.486924699,8.55023E-11,4.20699E-09,585,5,1,1.6,1.533333333,0.533333333,0.2,0
1110542,chr22,48314600,48315600,1,0.375,0.625,0.625,3.534247726,3.75659E-28,4.97329E-26,582,2,0,1,4.166666667,1.166666667,1.5,0
557266,chr9,6702000,6702400,0.8,0.2,0.6,0.6,4.93225473,3.66804E-09,1.68748E-07,408,5,2,1.6,0.466666667,0.466666667,0,0
983657,chr17,77034400,77034600,1,0.4,0.6,0.6,1.300659478,2.85207E-32,5.29325E-30,1156,1,0,2,1.333333333,1.666666667,0,1
1014599,chr19,1849200,1849400,0.972222222,0.375,0.597222222,0.597222222,3.533517129,3.89201E-06,0.000162405,584,4,0.5,1.75,1.583333333,0.833333333,0,0
915612,chr16,29766800,29768400,1,0.416666667,0.583333333,0.583333333,1.271229799,1.20436E-18,1.15751E-16,1171,2,0,1.5,2.666666667,1,0,0
1016284,chr19,3665200,3666000,0.555555556,0,0.555555556,0.555555556,5.821596845,0.001287328,0.044032357,538,1,0,2,4,0.333333333,1,0
554208,chr9,859000,859800,0.603395062,0.075,0.528395062,0.435416667,3.137626687,4.86159E-06,0.000201948,991,9,0.555555556,2.333333333,2.148148148,0.555555556,0.333333333,0.111111111
802671,chr13,30719800,30721400,1,0.5,0.5,0.5,0.985786141,8.87702E-48,2.33364E-44,1303,1,0,1,2.666666667,1.333333333,1,0
563884,chr9,35845200,35846400,0.5,0,0.5,0.5,5.672425342,1.84012E-37,2.82182E-34,395,1,0,2,2,0.333333333,0,0
918792,chr16,48478800,48479400,0.5,0,0.5,0.5,5.672425342,1.84012E-37,2.82182E-34,395,1,0,2,2,0.333333333,0,0
706508,chr11,64784600,64785000,1,0.5,0.5,0.5,0.985786141,2.67738E-33,2.05288E-30,1303,1,1,1,2.666666667,1.333333333,1,0
738340,chr11,130503800,130504800,1,0.5,0.5,0.5,0.985786141,2.67738E-33,2.05288E-30,1303,1,1,1,2,1.333333333,0,0
1026859,chr19,18518800,18519400,1,0.5,0.5,0.5,0.985786141,2.67738E-33,2.05288E-30,1303,1,1,1,2,1.333333333,0,0
409671,chr6,44003000,44004000,0.5,0,0.5,0.5,5.672425342,7.34954E-33,2.33183E-30,395,1,2,0,0.666666667,1.333333333,0,0
91722,chr1,210504600,210505400,1,0.5,0.5,0.5,0.985786141,3.06276E-32,5.29325E-30,1303,2,1,2.5,0.666666667,0.333333333,0,0
101535,chr1,233733600,233734000,1,0.5,0.5,0.5,0.985786141,3.06276E-32,5.29325E-30,1303,1,0,2,3.333333333,0.666666667,0,0
119357,chr2,25931800,25932200,1,0.5,0.5,0.5,0.985786141,3.06276E-32,5.29325E-30,1303,1,0,2,1.333333333,0.666666667,0,0
130587,chr2,47212000,47214400,1,0.5,0.5,0.5,0.985786141,3.06276E-32,5.29325E-30,1303,1,0,2,1.666666667,0.666666667,0,0
132755,chr2,55204200,55204800,1,0.5,0.5,0.5,0.985786141,3.06276E-32,5.29325E-30,1303,1,0,2,1.333333333,0.666666667,0,0
188243,chr2,218946200,218946600,1,0.5,0.5,0.5,0.985786141,3.06276E-32,5.29325E-30,1303,1,0,2,2.666666667,0.666666667,0,0
205990,chr3,12688800,12690400,1,0.5,0.5,0.5,0.985786141,3.06276E-32,5.29325E-30,1303,1,0,2,2.666666667,0.666666667,0,0
288012,chr4,40175600,40176000,1,0.5,0.5,0.5,0.985786141,3.06276E-32,5.29325E-30,1303,1,0,2,1.666666667,0.666666667,0,0
393906,chr6,17715200,17715800,1,0.5,0.5,0.5,0.985786141,3.06276E-32,5.29325E-30,1303,1,0,2,1.333333333,0.666666667,0,0
407563,chr6,41495200,41495800,1,0.5,0.5,0.5,0.985786141,3.06276E-32,5.29325E-30,1303,1,0,2,2,0.666666667,0,0
426670,chr6,111505600,111506400,1,0.5,0.5,0.5,0.985786141,3.06276E-32,5.29325E-30,1303,1,0,2,2,0.666666667,0,0
497058,chr7,138810400,138811000,1,0.5,0.5,0.5,0.985786141,3.06276E-32,5.29325E-30,1303,1,0,2,3,0.666666667,0,0
515661,chr8,28327600,28328000,1,0.5,0.5,0.5,0.985786141,3.06276E-32,5.29325E-30,1303,1,0,2,1.666666667,0.666666667,0,0
580829,chr9,109514800,109515400,1,0.5,0.5,0.5,0.985786141,3.06276E-32,5.29325E-30,1303,1,0,2,1.666666667,0.666666667,0,0
642168,chr10,35434800,35435800,1,0.5,0.5,0.5,0.985786141,3.06276E-32,5.29325E-30,1303,1,0,2,1.666666667,0.666666667,0,0
687826,chr11,10463200,10463400,1,0.5,0.5,0.5,0.985786141,3.06276E-32,5.29325E-30,1303,1,0,2,2.666666667,0.666666667,1,0
736160,chr11,126291200,126292000,1,0.5,0.5,0.5,0.985786141,3.06276E-32,5.29325E-30,1303,1,0,2,2.666666667,0.666666667,0,0
742770,chr12,1711800,1712000,1,0.5,0.5,0.5,0.985786141,3.06276E-32,5.29325E-30,1303,1,0,2,1.666666667,0.666666667,0,0
775281,chr12,93518400,93519200,1,0.5,0.5,0.5,0.985786141,3.06276E-32,5.29325E-30,1303,1,0,2,3.666666667,1.333333333,0,0
783304,chr12,109022200,109023400,1,0.5,0.5,0.5,0.985786141,3.06276E-32,5.29325E-30,1303,1,0,2,3,0.666666667,0,0
788114,chr12,116974800,116976800,1,0.5,0.5,0.5,0.985786141,3.06276E-32,5.29325E-30,1303,1,0,2,1.333333333,0.666666667,0,0
790781,chr12,121686400,121687000,1,0.5,0.5,0.5,0.985786141,3.06276E-32,5.29325E-30,1303,1,0,2,1.666666667,0.666666667,0,0
819440,chr13,100030400,100031200,1,0.5,0.5,0.5,0.985786141,3.06276E-32,5.29325E-30,1303,1,0,2,2,0.666666667,0,0
821113,chr13,109814000,109814200,1,0.5,0.5,0.5,0.985786141,3.06276E-32,5.29325E-30,1303,1,0,2,2,0.666666667,0,0
848695,chr14,81938000,81938400,1,0.5,0.5,0.5,0.985786141,3.06276E-32,5.29325E-30,1303,1,0,2,2.666666667,0.666666667,0,0
895182,chr15,90396000,90396400,1,0.5,0.5,0.5,0.985786141,3.06276E-32,5.29325E-30,1303,1,0,2,3,0.666666667,0,0
903616,chr16,3892200,3892800,1,0.5,0.5,0.5,0.985786141,3.06276E-32,5.29325E-30,1303,1,0,2,2,0.666666667,0,0
922435,chr16,57410800,57411000,1,0.5,0.5,0.5,0.985786141,3.06276E-32,5.29325E-30,1303,1,0,2,3,1.333333333,0,0
933504,chr16,84840400,84840600,1,0.5,0.5,0.5,0.985786141,3.06276E-32,5.29325E-30,1303,1,0,2,3.333333333,0.666666667,0,0
935626,chr16,87836600,87837200,1,0.5,0.5,0.5,0.985786141,3.06276E-32,5.29325E-30,1303,1,0,2,3.666666667,0.666666667,1,0
942867,chr17,6364200,6365400,1,0.5,0.5,0.5,0.985786141,3.06276E-32,5.29325E-30,1303,1,0,2,3.666666667,0.666666667,0,0
944144,chr17,7994200,7994400,1,0.5,0.5,0.5,0.985786141,3.06276E-32,5.29325E-30,1303,1,0,2,1.666666667,0.666666667,0,0
969557,chr17,54864200,54865000,1,0.5,0.5,0.5,0.985786141,3.06276E-32,5.29325E-30,1303,1,0,2,2.666666667,0.666666667,0,0
1023836,chr19,14282200,14283200,1,0.5,0.5,0.5,0.985786141,3.06276E-32,5.29325E-30,1303,1,0,2,1.666666667,0.666666667,0,0
1040360,chr19,48909000,48909600,1,0.5,0.5,0.5,0.985786141,3.06276E-32,5.29325E-30,1303,1,0,2,1.333333333,0.666666667,0,0
1041017,chr19,49717800,49718400,1,0.5,0.5,0.5,3.329105741,7.91188E-28,1.03258E-25,596,2,0,0.5,3,1.333333333,0.5,0
280126,chr4,6690600,6691200,0.5,0,0.5,0.5,3.329105741,6.00425E-20,7.08271E-18,596,2,0.5,2,1.5,0.333333333,0,0
219064,chr3,45594600,45594800,0.5,0,0.5,0.5,5.672425342,1.2174E-19,1.33349E-17,395,1,1,2,1.333333333,0.333333333,0,0
402490,chr6,34151800,34152000,0.5,0,0.5,0.5,5.672425342,1.2174E-19,1.33349E-17,395,1,2,1,0.666666667,1,0,0
509387,chr8,10987000,10990600,0.5,0,0.5,0.5,5.672425342,1.2174E-19,1.33349E-17,395,1,1,2,1.333333333,0.333333333,0,0
573515,chr9,93684600,93685600,0.5,0,0.5,0.5,5.672425342,1.2174E-19,1.33349E-17,395,1,2,1,2,1.333333333,1,0
640682,chr10,30986400,30987600,0.5,0,0.5,0.5,5.672425342,1.2174E-19,1.33349E-17,395,1,1,2,1.333333333,0.333333333,0,0
718212,chr11,83160000,83160400,0.5,0,0.5,0.5,5.672425342,1.2174E-19,1.33349E-17,395,1,2,1,0.666666667,0.666666667,0,0
1017090,chr19,4648200,4648600,0.5,0,0.5,0.5,5.672425342,1.2174E-19,1.33349E-17,395,1,2,1,0.666666667,0.666666667,0,0
483559,chr7,101636400,101637000,1,0.5,0.5,0.5,3.329105741,6.69861E-19,6.81037E-17,596,2,0,1.5,3.166666667,0.833333333,0.5,0
801010,chr13,27701600,27702200,1,0.5,0.5,0.5,3.329105741,7.32711E-19,7.40843E-17,596,2,1.5,1,0.666666667,1,0,0
665760,chr10,99524200,99525000,1,0.5,0.5,0.5,3.329105741,8.65742E-19,8.60164E-17,596,2,0.5,2,1.333333333,0.333333333,0,0
966749,chr17,46954600,46956200,1,0.5,0.5,0.5,3.329105741,8.65742E-19,8.60164E-17,596,2,1,1.5,0.666666667,0.5,0,0
826711,chr14,24436000,24436400,1,0.5,0.5,0.5,3.329105741,9.94815E-19,9.78962E-17,596,2,0,2,3.666666667,0.5,1,0
556367,chr9,5554200,5554800,1,0.5,0.5,0.5,3.329105741,1.214E-18,1.15751E-16,596,4,0,2,2.333333333,1.083333333,0,0.25
916130,chr16,30445800,30446400,0.5,0,0.5,0.5,3.329105741,1.214E-18,1.15751E-16,596,2,0,1,3.166666667,1.333333333,0.5,0
92972,chr1,212810400,212810600,1,0.5,0.5,0.5,0.985786141,1.96252E-17,1.13211E-15,1303,1,1,2,0.666666667,0.666666667,0,0
110582,chr2,7570400,7570800,1,0.5,0.5,0.5,0.985786141,1.96252E-17,1.13211E-15,1303,1,1,2,0.666666667,0.666666667,0,0
158396,chr2,127840200,127840400,1,0.5,0.5,0.5,0.985786141,1.96252E-17,1.13211E-15,1303,1,1,2,0.666666667,0.666666667,0,0
208362,chr3,15817200,15817600,1,0.5,0.5,0.5,0.985786141,1.96252E-17,1.13211E-15,1303,1,1,2,0.666666667,1.333333333,0,0
290795,chr4,48502200,48502400,1,0.5,0.5,0.5,0.985786141,1.96252E-17,1.13211E-15,1303,1,1,2,2,0.666666667,1,0
303148,chr4,105977400,105978800,1,0.5,0.5,0.5,0.985786141,1.96252E-17,1.13211E-15,1303,1,1,2,0.666666667,0.666666667,0,0
393100,chr6,16443600,16444600,1,0.5,0.5,0.5,0.985786141,1.96252E-17,1.13211E-15,1303,1,1,2,0.666666667,0.666666667,0,0
439001,chr6,149786600,149786800,1,0.5,0.5,0.5,0.985786141,1.96252E-17,1.13211E-15,1303,1,1,2,1,0.666666667,0,0
545472,chr8,128744800,128745400,1,0.5,0.5,0.5,0.985786141,1.96252E-17,1.13211E-15,1303,1,1,2,1.333333333,0.666666667,0,0
630159,chr10,5859800,5860800,1,0.5,0.5,0.5,0.985786141,1.96252E-17,1.13211E-15,1303,1,1,2,0.666666667,0.666666667,0,0
643354,chr10,43913200,43914000,1,0.5,0.5,0.5,0.985786141,1.96252E-17,1.13211E-15,1303,1,1,2,0.666666667,0.666666667,0,0
646398,chr10,52303400,52303800,1,0.5,0.5,0.5,0.985786141,1.96252E-17,1.13211E-15,1303,1,1,2,1.666666667,0.666666667,0,0
655731,chr10,79171000,79172200,1,0.5,0.5,0.5,0.985786141,1.96252E-17,1.13211E-15,1303,1,1,2,1.333333333,0.666666667,0,0
703200,chr11,60222000,60222600,1,0.5,0.5,0.5,0.985786141,1.96252E-17,1.13211E-15,1303,1,1,2,2,0.666666667,1,0
716159,chr11,77342200,77342400,1,0.5,0.5,0.5,0.985786141,1.96252E-17,1.13211E-15,1303,1,1,2,2.666666667,0.666666667,0,0
742107,chr12,686000,686200,1,0.5,0.5,0.5,0.985786141,1.96252E-17,1.13211E-15,1303,1,1,2,0.666666667,0.666666667,0,0
758806,chr12,45625400,45626200,1,0.5,0.5,0.5,0.985786141,1.96252E-17,1.13211E-15,1303,1,1,2,0.666666667,0.666666667,0,0
790117,chr12,120911800,120912800,1,0.5,0.5,0.5,0.985786141,1.96252E-17,1.13211E-15,1303,1,1,2,1.666666667,0.666666667,0,0
825710,chr14,22987400,22988600,1,0.5,0.5,0.5,0.985786141,1.96252E-17,1.13211E-15,1303,1,1,2,1.333333333,0.666666667,0,0
849871,chr14,90125400,90125800,1,0.5,0.5,0.5,0.985786141,1.96252E-17,1.13211E-15,1303,1,1,2,1,0.666666667,0,0
959532,chr17,37950600,37951600,1,0.5,0.5,0.5,0.985786141,1.96252E-17,1.13211E-15,1303,1,1,2,0.666666667,0.666666667,0,0
982932,chr17,76153600,76153800,1,0.5,0.5,0.5,0.985786141,1.96252E-17,1.13211E-15,1303,1,1,2,0.666666667,0.666666667,0,0
984810,chr17,78526000,78527400,1,0.5,0.5,0.5,0.985786141,1.96252E-17,1.13211E-15,1303,1,1,2,2,0.666666667,0,0
1019195,chr19,7473600,7474000,1,0.5,0.5,0.5,0.985786141,1.96252E-17,1.13211E-15,1303,1,1,2,2.333333333,0.666666667,0,0
1027777,chr19,19527000,19527200,1,0.5,0.5,0.5,0.985786141,1.96252E-17,1.13211E-15,1303,1,1,2,0.666666667,0.666666667,0,0
1069447,chr20,47329600,47331000,1,0.5,0.5,0.5,0.985786141,1.96252E-17,1.13211E-15,1303,1,1,2,1.666666667,1.333333333,0,0
1073907,chr20,56043600,56045000,1,0.5,0.5,0.5,0.985786141,1.96252E-17,1.13211E-15,1303,1,1,2,1.666666667,0.666666667,0,0
1076544,chr20,61372400,61372800,1,0.5,0.5,0.5,0.985786141,1.96252E-17,1.13211E-15,1303,1,1,2,1,0.666666667,0,0
1083244,chr21,36594800,36595400,1,0.5,0.5,0.5,0.985786141,1.96252E-17,1.13211E-15,1303,1,1,2,1,0.666666667,0,0
1090629,chr22,18538200,18538600,1,0.5,0.5,0.5,0.985786141,1.96252E-17,1.13211E-15,1303,1,1,2,0.666666667,0.666666667,0,0
1100419,chr22,35708000,35709000,1,0.5,0.5,0.5,0.985786141,1.96252E-17,1.13211E-15,1303,1,1,2,1.333333333,0.666666667,0,0
1103733,chr22,39701600,39701800,1,0.5,0.5,0.5,0.985786141,1.96252E-17,1.13211E-15,1303,1,1,2,1.666666667,0.666666667,0,0
557751,chr9,7179000,7179400,0.8,0.3,0.5,0.5,2.827853973,1.87062E-12,9.37959E-11,713,5,0.2,1.8,1.333333333,0.6,0,0
159955,chr2,131061200,131062000,1,0.5,0.5,0.5,3.329105741,2.12503E-10,1.03726E-08,596,2,1,1,1.5,1.166666667,0.5,0
1106603,chr22,42933600,42934200,1,0.5,0.5,0.5,3.329105741,2.74466E-10,1.32565E-08,596,2,1.5,1.5,1,1,0,0
857093,chr14,103088600,103089200,1,0.5,0.5,0.5,3.329105741,3.84541E-10,1.80519E-08,596,2,1,1.5,1.666666667,0.833333333,0,0
1105654,chr22,41872800,41874000,1,0.5,0.5,0.5,3.329105741,3.84541E-10,1.80519E-08,596,2,0.5,1,1.5,1.666666667,0,0.5
401907,chr6,33548600,33549000,0.5,0,0.5,0.5,5.672425342,0.003080796,0.099286866,926,1,1,1,2,0.666666667,0,0
125499,chr2,37857200,37858800,1,0.555555556,0.444444444,0.444444444,0.836614638,8.65637E-07,3.70453E-05,1827,1,0,0,3,2.333333333,1,0
846621,chr14,76383800,76384200,0.444444444,0,0.444444444,0.444444444,5.506032031,3.35984E-05,0.001312693,980,1,0,1,2.333333333,1,0,0
383632,chr6,310400,311000,0.858333333,0.416666667,0.441666667,0.441666667,3.221701116,4.21281E-19,4.40478E-17,989,2,0,1,3.833333333,1.333333333,1.5,0
228938,chr3,63913200,63914000,0.833333333,0.392857143,0.44047619,0.357142857,0.886039724,2.63584E-18,2.26657E-16,1802,3,0.333333333,2.333333333,1.888888889,1,0,0.333333333
925071,chr16,67841600,67841800,0.416666667,0,0.416666667,0.416666667,5.415037499,2.23436E-05,0.000886134,1038,1,1,0,1.666666667,2.333333333,0,0
23381,chr1,32338600,32339000,1,0.583333333,0.416666667,0.416666667,0.767440553,2.23436E-05,0.000886134,1931,1,0,1,3.333333333,1.666666667,0,0
141855,chr2,74260800,74261400,1,0.583333333,0.416666667,0.416666667,0.767440553,2.23436E-05,0.000886134,1931,1,0,1,6,1.666666667,3,0
653296,chr10,74016800,74017400,1,0.583333333,0.416666667,0.416666667,0.767440553,2.23436E-05,0.000886134,1931,1,0,1,1,1.666666667,0,0
384601,chr6,1576000,1576400,1,0.583333333,0.416666667,0.416666667,0.767440553,0.000790531,0.027551788,1931,1,1,1,1.666666667,1.666666667,0,0
1023974,chr19,14480200,14480600,0.404761905,0,0.404761905,0.404761905,5.374211486,0.001146316,0.039428991,1071,1,1,0,3.333333333,1.666666667,1,0
553802,chr9,272200,272400,0.472222222,0.875,-0.402777778,-0.402777778,-2.267164671,4.5937E-15,2.44316E-13,1073,4,0.25,0.75,1.666666667,0.833333333,0,0
326951,chr5,10527400,10528600,0.594017094,1,-0.405982906,-0.405982906,-0.741694009,2.40725E-05,0.000952652,1968,1,0,1,7.333333333,0.666666667,2,0
928698,chr16,72863800,72864400,0.583333333,1,-0.416666667,-0.416666667,-0.767440553,2.23436E-05,0.000886134,1931,1,1,0,1.666666667,1.333333333,0,0
12138,chr1,17863000,17863400,0.583333333,1,-0.416666667,-0.416666667,-0.767440553,0.000790531,0.027551788,1931,1,1,1,1.666666667,1.666666667,0,0
823084,chr13,114141000,114141600,0.333333333,0.75,-0.416666667,-0.416666667,-3.125131704,5.24665E-19,5.39379E-17,1009,2,0.5,1,2,0.833333333,0,0
788241,chr12,117111800,117112000,0,0.416666667,-0.416666667,-0.416666667,-5.415037499,2.23436E-05,0.000886134,1038,1,0,1,1,1.666666667,0,0
792119,chr12,123204600,123204800,0.566666667,1,-0.433333333,-0.433333333,-0.808545756,0.00046392,0.016512679,1883,1,0,1,4,1,2,0
924738,chr16,67538800,67539200,0.5,1,-0.5,-0.5,-0.985786141,6.28256E-63,8.73669E-59,1584,1,0,0,4,1.666666667,1,0
985378,chr17,79024400,79024600,0,0.5,-0.5,-0.5,-5.672425342,1.0651E-48,3.26666E-45,395,1,0,1,2.333333333,1.333333333,0,0
1067340,chr20,44542600,44543000,0.5,1,-0.5,-0.5,-0.985786141,1.84012E-37,2.82182E-34,1584,1,0,2,3.333333333,0.666666667,0,0
136981,chr2,65068400,65069400,0,0.5,-0.5,-0.5,-5.672425342,7.34954E-33,2.33183E-30,395,1,0,2,2,0.666666667,0,0
501328,chr7,150016400,150017800,0.5,1,-0.5,-0.5,-0.985786141,5.46546E-33,2.33183E-30,1584,1,1,1,1.333333333,1,0,0
1016860,chr19,4382000,4382400,0.5,1,-0.5,-0.5,-0.985786141,5.46546E-33,2.33183E-30,1584,1,1,1,1.333333333,1,0,0
1076767,chr20,61620200,61621200,0,0.5,-0.5,-0.5,-5.672425342,7.34954E-33,2.33183E-30,395,1,0,2,2,0.666666667,0,0
309813,chr4,140093400,140093800,0.5,1,-0.5,-0.5,-0.985786141,3.06276E-32,5.29325E-30,1584,1,2,0,0.666666667,1.333333333,0,0
876200,chr15,59706200,59706600,0.5,1,-0.5,-0.5,-0.985786141,3.06276E-32,5.29325E-30,1584,1,2,0,0.666666667,1,0,0
89368,chr1,206310200,206310600,0.5,1,-0.5,-0.5,-0.985786141,1.2174E-19,1.33349E-17,1584,1,1,2,1.333333333,0.333333333,0,0
457505,chr7,23475000,23475200,0,0.5,-0.5,-0.5,-5.672425342,1.2174E-19,1.33349E-17,395,1,1,2,1.333333333,0.666666667,0,0
740785,chr12,6421600,6422800,0,0.5,-0.5,-0.5,-5.672425342,1.2174E-19,1.33349E-17,395,1,1,2,0.666666667,0.666666667,0,0
1066342,chr20,43323800,43325000,0,0.5,-0.5,-0.5,-5.672425342,1.2174E-19,1.33349E-17,395,1,1,2,0.666666667,0.666666667,0,0
273020,chr3,195839400,195842200,0.5,1,-0.5,-0.5,-3.329105741,4.59849E-19,4.78087E-17,596,2,0.5,0.5,1.333333333,1.5,0,0
48455,chr1,92217200,92217600,0.5,1,-0.5,-0.5,-0.985786141,1.96252E-17,1.13211E-15,1584,1,2,1,0.666666667,0.666666667,0,0
119128,chr2,25621200,25622000,0.5,1,-0.5,-0.5,-0.985786141,1.96252E-17,1.13211E-15,1584,1,2,1,0.666666667,1.333333333,0,0
288498,chr4,40691800,40692800,0.5,1,-0.5,-0.5,-0.985786141,1.96252E-17,1.13211E-15,1584,1,2,1,0.666666667,0.666666667,0,0
928800,chr16,73051200,73051600,0.5,1,-0.5,-0.5,-0.985786141,1.96252E-17,1.13211E-15,1584,1,2,1,0.666666667,1,0,0
1038118,chr19,46065800,46066600,0.5,1,-0.5,-0.5,-0.985786141,1.96252E-17,1.13211E-15,1584,1,2,1,0.666666667,1,0,0
1082779,chr21,36011400,36013400,0.5,1,-0.5,-0.5,-0.985786141,1.96252E-17,1.13211E-15,1584,1,2,1,0.666666667,1.333333333,0,0
1083256,chr21,36602800,36603600,0.5,1,-0.5,-0.5,-0.985786141,1.96252E-17,1.13211E-15,1584,1,2,1,0.666666667,1.333333333,0,0
903563,chr16,3857400,3858000,0.5,1,-0.5,-0.5,-0.985786141,0.000168687,0.00625844,1301,1,0,1,2.666666667,2.333333333,0,1
877762,chr15,62344600,62345200,0.5,1,-0.5,-0.5,-0.985786141,0.003080796,0.099286866,1301,1,1,1,2,1,0,0
1076542,chr20,61370800,61371200,0.481481481,1,-0.518518519,-0.518518519,-1.124984135,1.06005E-13,5.57346E-12,1238,3,0.666666667,1.333333333,1.777777778,0.777777778,0,0
677408,chr10,124067200,124067800,0.477777778,1,-0.522222222,-0.522222222,-1.050059355,2.91218E-06,0.000121795,1271,1,0,0,3.333333333,2.333333333,1,1
837716,chr14,63935400,63937400,0.4375,1,-0.5625,-0.5625,-3.424408708,1.44583E-36,1.90045E-33,593,2,0.5,0,3,1.666666667,1,0
904057,chr16,4578800,4579200,0.416666667,1,-0.583333333,-0.583333333,-1.243173983,0.00069845,0.024435119,1180,1,1,1,1.666666667,1,0,0
909646,chr16,17367400,17367600,0.380952381,1,-0.619047619,-0.619047619,-1.369290494,0.000226058,0.008253807,1136,1,1,1,3.333333333,1,1,0
385699,chr6,3237600,3238400,0.375,1,-0.625,-0.625,-3.534247726,3.31458E-19,3.50545E-17,582,2,0,2,1.833333333,0.333333333,0,0
958200,chr17,36188200,36188600,0,0.625,-0.625,-0.625,-5.988684687,0.001737902,0.058465944,547,1,1,1,1.666666667,2,0,0
749348,chr12,11878400,11884000,0.194444444,0.833333333,-0.638888889,-0.638888889,-3.710334933,1.3927E-11,6.92659E-10,549,2,0.5,1,2.166666667,0.666666667,0.5,0
1069874,chr20,47795600,47795800,0,0.666666667,-0.666666667,-0.666666667,-6.080373416,1.1443E-19,1.33349E-17,305,1,1,2,0.666666667,1,0,0
556252,chr9,5440600,5440800,0.333333333,1,-0.666666667,-0.666666667,-1.556673456,1.84469E-17,1.13211E-15,1021,1,2,1,1,0.666666667,0,0
564360,chr9,36458400,36459200,0.125,0.8,-0.675,-0.675,-4.673631632,2.47717E-16,1.3213E-14,454,4,0.5,1.25,2.333333333,1.25,0.25,0.25
673893,chr10,116126800,116127400,0.291666667,1,-0.708333333,-0.708333333,-1.743328096,0.000211117,0.007738992,956,1,1,1,2.333333333,1,0,0
633473,chr10,12542200,12543200,0.277777778,1,-0.722222222,-0.722222222,-1.811328197,4.79763E-06,0.000199742,934,1,0,1,3.666666667,1,0,0
88577,chr1,205249800,205250000,0,1,-1,-1,-6.658211483,1.31148E-33,1.50837E-30,15,1,1,1,0.666666667,1,0,0
116434,chr2,20386000,20387200,0,1,-1,-1,-6.658211483,1.31148E-33,1.50837E-30,15,1,1,1,1,0.666666667,0,0
629505,chr10,4074600,4075200,0,1,-1,-1,-6.658211483,1.76358E-33,1.5454E-30,17,1,0,2,1,0.333333333,0,0
651034,chr10,71495200,71495400,0,1,-1,-1,-6.658211483,1.76358E-33,1.5454E-30,17,1,0,2,1.666666667,0.666666667,0,0
902400,chr16,2559600,2560600,0,1,-1,-1,-6.658211483,1.76358E-33,1.5454E-30,17,1,0,2,1,0.666666667,0,0
942913,chr17,6451400,6452000,0,1,-1,-1,-6.658211483,1.76358E-33,1.5454E-30,17,1,0,2,1.666666667,0.333333333,0,0
942117,chr17,5124200,5125000,0,1,-1,-1,-6.658211483,7.34934E-33,2.33183E-30,31,1,2,0,0.333333333,2,0,0
163741,chr2,144234400,144234600,0,1,-1,-1,-6.658211483,5.84251E-20,6.93638E-18,147,1,1,2,1.333333333,0.333333333,0,0
435629,chr6,138913000,138913400,0,1,-1,-1,-6.658211483,5.84251E-20,6.93638E-18,147,1,1,2,1.666666667,0.666666667,0,0
438887,chr6,149689800,149690600,0,1,-1,-1,-6.658211483,5.84251E-20,6.93638E-18,147,1,1,2,0.666666667,0.333333333,0,0
557508,chr9,6929600,6929800,0,1,-1,-1,-6.658211483,5.84251E-20,6.93638E-18,147,1,1,2,1,0.666666667,0,0
961669,chr17,40489200,40490000,0,1,-1,-1,-6.658211483,5.84251E-20,6.93638E-18,147,1,1,2,1,0.333333333,0,0
144749,chr2,86456000,86457200,0,1,-1,-1,-6.658211483,9.41847E-18,6.34867E-16,221,1,2,1,0.333333333,0.666666667,0,0
148502,chr2,99492200,99492600,0,1,-1,-1,-6.658211483,9.41847E-18,6.34867E-16,221,1,2,1,0.333333333,0.666666667,0,0
293973,chr4,69522600,69523400,0,1,-1,-1,-6.658211483,9.41847E-18,6.34867E-16,221,1,2,1,0.333333333,1.333333333,0,0
362281,chr5,137372200,137373000,0,1,-1,-1,-6.658211483,9.41847E-18,6.34867E-16,221,1,2,1,0.333333333,1,0,0
417464,chr6,79959800,79960600,0,1,-1,-1,-6.658211483,9.41847E-18,6.34867E-16,221,1,2,1,0.333333333,0.666666667,0,0
698692,chr11,44580600,44581800,0,1,-1,-1,-6.658211483,9.41847E-18,6.34867E-16,221,1,2,1,1,1,0,0
784965,chr12,111350800,111352000,0,1,-1,-1,-6.658211483,9.41847E-18,6.34867E-16,221,1,2,1,0.333333333,1.666666667,0,0
893390,chr15,85895800,85897000,0,1,-1,-1,-6.658211483,9.41847E-18,6.34867E-16,221,1,2,1,0.333333333,0.666666667,0,0
939835,chr17,2164400,2165200,0,1,-1,-1,-6.658211483,9.41847E-18,6.34867E-16,221,1,2,1,0.333333333,1.666666667,0,0
954459,chr17,30902600,30903600,0,1,-1,-1,-6.658211483,9.41847E-18,6.34867E-16,221,1,2,1,0.333333333,1,0,0
707428,chr11,65879400,65880400,0,1,-1,-1,-6.658211483,5.4879E-12,2.74425E-10,368,2,1.5,2,0.833333333,0.333333333,0,0